word,percentage
that,3.635
would,1.763
universe,1.432
have,1.244
this,1.109
time,1.078
with,0.919
from,0.815
which,0.755
there,0.739
they,0.731
theory,0.712
other,0.702
black,0.646
light,0.601
could,0.543
particles,0.53
were,0.516
will,0.5
very,0.482
only,0.479
however,0.471
like,0.434
than,0.429
more,0.426
same,0.41
what,0.397
because,0.395
these,0.392
been,0.389
energy,0.389
hole,0.381
when,0.373
million,0.371
between,0.363
space,0.336
such,0.336
matter,0.336
about,0.331
different,0.32
each,0.315
stars,0.307
into,0.304
force,0.291
gravitational,0.289
quantum,0.286
earth,0.283
relativity,0.281
particle,0.278
their,0.275
star,0.27
might,0.267
gravity,0.267
laws,0.265
some,0.259
spacetime,0.259
holes,0.257
even,0.249
much,0.249
just,0.244
state,0.244
first,0.241
must,0.241
waves,0.241
also,0.238
should,0.238
mass,0.238
principle,0.236
then,0.233
general,0.23
number,0.228
them,0.225
called,0.214
years,0.199
speed,0.199
possible,0.196
made,0.185
idea,0.185
event,0.183
theories,0.18
direction,0.18
distance,0.18
therefore,0.177
form,0.175
travel,0.175
forces,0.172
science,0.172
galaxies,0.169
bang,0.169
fact,0.167
point,0.164
before,0.164
back,0.162
most,0.159
model,0.159
moving,0.159
down,0.156
does,0.156
large,0.156
rate,0.156
second,0.154
small,0.154
thus,0.154
cannot,0.154
around,0.151
beginning,0.151
make,0.151
still,0.151
real,0.151
boundary,0.148
singularity,0.148
chapter,0.146
strong,0.146
early,0.146
know,0.146
people,0.146
rather,0.146
expanding,0.143
past,0.143
away,0.14
mechanics,0.135
complete,0.132
another,0.132
infinite,0.13
body,0.13
always,0.127
together,0.127
example,0.127
expansion,0.127
means,0.124
galaxy,0.124
collapse,0.124
case,0.124
thousand,0.124
three,0.122
unified,0.122
later,0.122
position,0.122
many,0.122
string,0.122
being,0.119
electrons,0.119
uncertainty,0.116
regions,0.116
according,0.116
observe,0.116
times,0.114
over,0.114
eventually,0.114
after,0.114
history,0.111
every,0.111
since,0.111
radiation,0.111
order,0.111
work,0.111
density,0.111
quarks,0.111
future,0.109
thought,0.109
found,0.109
field,0.109
initial,0.106
really,0.106
known,0.106
high,0.106
certain,0.106
through,0.106
single,0.103
events,0.103
numbers,0.103
effect,0.103
temperature,0.103
weak,0.103
surface,0.101
region,0.101
size,0.101
rays,0.101
arrow,0.098
well,0.098
least,0.098
instead,0.095
seems,0.095
able,0.095
predictions,0.095
enough,0.095
histories,0.095
disorder,0.095
orbits,0.093
long,0.093
started,0.093
less,0.093
dimensions,0.093
newton,0.09
come,0.09
imaginary,0.09
exactly,0.09
bodies,0.09
objects,0.09
present,0.09
atoms,0.09
einstein,0.087
find,0.087
predicted,0.087
whole,0.087
attraction,0.087
measure,0.087
spin,0.087
observations,0.085
seem,0.085
observed,0.085
both,0.085
look,0.085
similar,0.085
nuclear,0.085
phase,0.085
symmetry,0.085
four,0.082
within,0.082
planets,0.082
smaller,0.082
showed,0.082
life,0.082
system,0.079
given,0.079
great,0.079
change,0.079
horizon,0.079
appear,0.079
newtons,0.079
singularities,0.079
virtual,0.079
round,0.077
figure,0.077
never,0.077
toward,0.077
question,0.077
electromagnetic,0.077
zero,0.077
negative,0.077
without,0.074
increase,0.074
world,0.074
whether,0.074
believed,0.074
orbit,0.074
hand,0.074
right,0.074
amount,0.074
wavelength,0.074
wave,0.074
positive,0.074
book,0.071
physics,0.071
where,0.071
described,0.071
finite,0.071
explain,0.071
evidence,0.071
nucleus,0.071
energies,0.071
protons,0.071
picture,0.069
longer,0.069
completely,0.069
said,0.069
left,0.069
apart,0.069
either,0.069
place,0.069
particular,0.069
shall,0.069
take,0.069
faster,0.069
electron,0.069
fall,0.066
problem,0.066
discovery,0.066
conditions,0.066
greater,0.066
constant,0.066
allow,0.066
neutron,0.066
words,0.064
think,0.064
seen,0.064
describe,0.064
forward,0.064
above,0.064
observer,0.064
predict,0.064
those,0.064
suppose,0.064
human,0.064
scientific,0.064
result,0.064
difficult,0.064
give,0.064
absolute,0.064
near,0.064
observers,0.064
start,0.064
proton,0.064
entropy,0.064
galileo,0.061
einsteins,0.061
believe,0.061
century,0.061
outside,0.061
everything,0.061
indeed,0.061
suggested,0.061
contracting,0.061
though,0.061
itself,0.061
exist,0.061
answer,0.061
directions,0.061
models,0.061
inflationary,0.061
important,0.058
background,0.058
motion,0.058
paths,0.058
although,0.058
expect,0.058
until,0.058
agree,0.058
miles,0.058
gamma,0.058
higher,0.058
paper,0.058
emitted,0.058
rotating,0.058
neutrons,0.058
primordial,0.058
thermodynamic,0.058
uniform,0.056
tell,0.056
north,0.056
cosmological,0.056
complicated,0.056
went,0.056
forever,0.056
earlier,0.056
next,0.056
effects,0.056
again,0.056
terms,0.056
source,0.056
classical,0.056
part,0.053
smooth,0.053
center,0.053
under,0.053
difference,0.053
positions,0.053
nearly,0.053
correct,0.053
existence,0.053
sense,0.053
object,0.053
curvature,0.053
hundred,0.053
ordinary,0.053
moreover,0.053
critical,0.053
emission,0.053
limit,0.053
atom,0.053
inside,0.053
anthropic,0.053
grand,0.05
dont,0.05
good,0.05
directly,0.05
carried,0.05
move,0.05
created,0.05
explained,0.05
happens,0.05
mean,0.05
partial,0.05
call,0.05
states,0.05
escape,0.05
become,0.05
similarly,0.05
increases,0.05
during,0.05
condition,0.05
something,0.048
proposal,0.048
moon,0.048
certainly,0.048
came,0.048
almost,0.048
seemed,0.048
happen,0.048
slightly,0.048
line,0.048
already,0.048
beings,0.048
determine,0.048
used,0.048
astronaut,0.048
radio,0.048
mathematical,0.048
curved,0.048
hydrogen,0.048
pieces,0.048
disordered,0.048
cosmic,0.045
based,0.045
possibility,0.045
having,0.045
development,0.045
realized,0.045
themselves,0.045
fixed,0.045
provided,0.045
discovered,0.045
probably,0.045
became,0.045
today,0.045
distant,0.045
cause,0.045
remember,0.045
elements,0.045
water,0.045
predicts,0.045
need,0.045
produce,0.045
value,0.045
visible,0.045
velocity,0.045
stop,0.045
kind,0.045
formed,0.045
antiparticles,0.045
broken,0.045
backward,0.045
unification,0.042
little,0.042
course,0.042
fundamental,0.042
understand,0.042
turn,0.042
against,0.042
heat,0.042
reason,0.042
property,0.042
structure,0.042
measured,0.042
nobel,0.042
gets,0.042
special,0.042
consistent,0.042
friedmann,0.042
avoid,0.042
cambridge,0.042
occur,0.042
antiquarks,0.042
emit,0.042
ordered,0.042
strings,0.042
situations,0.04
view,0.04
further,0.04
scientist,0.04
orbiting,0.04
caused,0.04
twice,0.04
account,0.04
clear,0.04
path,0.04
close,0.04
several,0.04
farther,0.04
extra,0.04
distances,0.04
contain,0.04
pointed,0.04
simply,0.04
scientists,0.04
solution,0.04
ideas,0.04
behavior,0.04
lead,0.04
nothing,0.04
rest,0.04
ball,0.04
along,0.04
reach,0.04
using,0.04
required,0.04
following,0.04
expand,0.04
behave,0.04
molecules,0.04
exclusion,0.04
antiparticle,0.04
area,0.04
published,0.037
support,0.037
taken,0.037
explanation,0.037
fluctuations,0.037
microwave,0.037
flat,0.037
ever,0.037
aristotle,0.037
appears,0.037
argument,0.037
stationary,0.037
relative,0.037
quite,0.037
finally,0.037
developed,0.037
massive,0.037
show,0.037
rotation,0.037
approach,0.037
average,0.037
allowed,0.037
equally,0.037
accurately,0.037
supposed,0.037
half,0.037
zeros,0.037
experiment,0.037
total,0.037
prize,0.037
detected,0.037
coordinates,0.037
below,0.037
spaceship,0.037
edge,0.037
scale,0.037
white,0.037
produced,0.037
photons,0.037
pairs,0.037
intelligent,0.037
plates,0.037
including,0.034
original,0.034
wrote,0.034
anything,0.034
questions,0.034
better,0.034
perhaps,0.034
length,0.034
else,0.034
reasons,0.034
ones,0.034
remain,0.034
roughly,0.034
static,0.034
attractive,0.034
proportional,0.034
while,0.034
provide,0.034
calculate,0.034
understanding,0.034
speeds,0.034
traveling,0.034
took,0.034
modern,0.034
physicist,0.034
wavelengths,0.034
alpha,0.034
goes,0.034
radius,0.034
points,0.034
pair,0.034
looks,0.034
configuration,0.034
fairly,0.034
friedmanns,0.034
velocities,0.034
masses,0.034
sources,0.034
electric,0.034
quark,0.034
elementary,0.032
nature,0.032
side,0.032
necessary,0.032
south,0.032
someone,0.032
physical,0.032
fast,0.032
race,0.032
observation,0.032
break,0.032
quantities,0.032
tells,0.032
basic,0.032
free,0.032
cancel,0.032
spiral,0.032
famous,0.032
equations,0.032
remarkable,0.032
normal,0.032
whose,0.032
cone,0.032
prediction,0.032
trying,0.032
penrose,0.032
colors,0.032
spectrum,0.032
emitting,0.032
starts,0.032
obey,0.032
theorem,0.032
john,0.032
decay,0.032
annihilate,0.032
becomes,0.032
chandrasekhar,0.032
decrease,0.032
universes,0.029
conclusion,0.029
live,0.029
once,0.029
gave,0.029
happened,0.029
jupiter,0.029
across,0.029
last,0.029
meant,0.029
nevertheless,0.029
hypothesis,0.029
needed,0.029
natural,0.029
spinning,0.029
situation,0.029
things,0.029
discussed,0.029
hubble,0.029
simple,0.029
experiments,0.029
makes,0.029
separate,0.029
likely,0.029
slow,0.029
straight,0.029
says,0.029
follows,0.029
table,0.029
shown,0.029
range,0.029
centauri,0.029
twodimensional,0.029
calculations,0.029
soon,0.029
detector,0.029
research,0.029
chance,0.029
probability,0.029
bubbles,0.029
forcecarrying,0.029
detect,0.029
chosen,0.029
helium,0.029
wormhole,0.029
chaotic,0.029
bantam,0.026
origin,0.026
apparently,0.026
include,0.026
progress,0.026
discover,0.026
going,0.026
third,0.026
moved,0.026
assumption,0.026
ought,0.026
proposed,0.026
night,0.026
extremely,0.026
regarded,0.026
repulsive,0.026
affect,0.026
nearer,0.026
began,0.026
rapidly,0.026
imagine,0.026
contains,0.026
definite,0.026
actually,0.026
develop,0.026
wrong,0.026
govern,0.026
others,0.026
ultimate,0.026
meter,0.026
accelerate,0.026
hold,0.026
ether,0.026
empty,0.026
american,0.026
welldefined,0.026
neither,0.026
millions,0.026
systems,0.026
rocket,0.026
physicists,0.026
expands,0.026
recollapse,0.026
dimension,0.026
fiction,0.026
collapsing,0.026
perfectly,0.026
correspond,0.026
college,0.026
charge,0.026
charged,0.026
values,0.026
probable,0.026
problems,0.026
memory,0.026
books,0.024
short,0.024
theoretical,0.024
results,0.024
finding,0.024
otherwise,0.024
boundaries,0.024
sphere,0.024
coming,0.024
true,0.024
knew,0.024
pole,0.024
accurate,0.024
year,0.024
observing,0.024
stronger,0.024
argued,0.024
central,0.024
existed,0.024
continue,0.024
assume,0.024
consequences,0.024
arbitrary,0.024
sure,0.024
reasonable,0.024
search,0.024
heavy,0.024
held,0.024
keep,0.024
heavier,0.024
train,0.024
traveled,0.024
british,0.024
crest,0.024
sent,0.024
received,0.024
common,0.024
floor,0.024
specify,0.024
affected,0.024
bent,0.024
fields,0.024
roger,0.024
shows,0.024
balance,0.024
ways,0.024
solar,0.024
university,0.024
final,0.024
depend,0.024
screen,0.024
collide,0.024
hope,0.024
your,0.024
equal,0.024
photon,0.024
reverse,0.024
pressure,0.024
remains,0.024
power,0.024
stages,0.024
euclidean,0.024
closed,0.024
arrows,0.024
computer,0.024
infinities,0.024
random,0.021
wormholes,0.021
success,0.021
create,0.021
rapid,0.021
revolution,0.021
creation,0.021
tiny,0.021
collection,0.021
supported,0.021
lower,0.021
socalled,0.021
observable,0.021
followed,0.021
sometimes,0.021
generally,0.021
despite,0.021
axis,0.021
impossible,0.021
period,0.021
cases,0.021
infinitely,0.021
limits,0.021
degree,0.021
accuracy,0.021
increased,0.021
changes,0.021
evolve,0.021
sets,0.021
depends,0.021
millionth,0.021
sufficient,0.021
weight,0.021
equivalent,0.021
acceleration,0.021
moment,0.021
combined,0.021
ripples,0.021
shorter,0.021
percent,0.021
takes,0.021
identical,0.021
precisely,0.021
definition,0.021
experience,0.021
choose,0.021
fourdimensional,0.021
bigger,0.021
forms,0.021
frequency,0.021
larger,0.021
worked,0.021
feature,0.021
atmosphere,0.021
implications,0.021
penzias,0.021
wilson,0.021
neighboring,0.021
study,0.021
proved,0.021
argue,0.021
places,0.021
carry,0.021
breaking,0.021
manner,0.021
mistake,0.021
gluons,0.021
tons,0.021
particleantiparticle,0.021
mirror,0.021
nuclei,0.021
royal,0.021
bomb,0.021
fuel,0.021
eddington,0.021
repulsion,0.021
dwarf,0.021
cygnus,0.021
temperatures,0.021
fell,0.021
feynmans,0.021
psychological,0.021
information,0.019
congress,0.019
five,0.019
eight,0.019
fate,0.019
didnt,0.019
interest,0.019
observational,0.019
irregularities,0.019
vast,0.019
recent,0.019
greek,0.019
philosopher,0.019
arguments,0.019
earths,0.019
elliptical,0.019
unless,0.019
appeared,0.019
apparent,0.019
accepted,0.019
beyond,0.019
church,0.019
german,0.019
planet,0.019
magnetic,0.019
causes,0.019
follow,0.019
unchanging,0.019
making,0.019
distribution,0.019
nearby,0.019
unstable,0.019
normally,0.019
difficulty,0.019
turned,0.019
civilization,0.019
philosophers,0.019
limited,0.019
concept,0.019
essentially,0.019
twenty,0.019
defined,0.019
practical,0.019
parts,0.019
turns,0.019
scales,0.019
major,0.019
chapters,0.019
combine,0.019
draw,0.019
here,0.019
knowledge,0.019
description,0.019
measurements,0.019
travels,0.019
measuring,0.019
publication,0.019
receive,0.019
attempts,0.019
clocks,0.019
pulse,0.019
divided,0.019
recorded,0.019
multiplied,0.019
specified,0.019
spread,0.019
represented,0.019
suggestion,0.019
warped,0.019
inward,0.019
mind,0.019
individual,0.019
continued,0.019
types,0.019
containing,0.019
color,0.019
corresponding,0.019
shift,0.019
contract,0.019
introduced,0.019
throughout,0.019
student,0.019
falls,0.019
dark,0.019
theorems,0.019
determinism,0.019
freedom,0.019
indicate,0.019
type,0.019
duality,0.019
slits,0.019
rise,0.019
favor,0.019
tube,0.019
green,0.019
return,0.019
transition,0.019
expanded,0.019
evolution,0.019
institute,0.019
oxygen,0.019
conference,0.019
students,0.019
cant,0.019
open,0.019
politics,0.019
brief,0.016
cosmology,0.016
house,0.016
everyone,0.016
mentioned,0.016
anyone,0.016
expected,0.016
london,0.016
structures,0.016
told,0.016
spherical,0.016
looking,0.016
felt,0.016
ptolemy,0.016
passed,0.016
moons,0.016
implied,0.016
circle,0.016
principia,0.016
mathematics,0.016
hitting,0.016
himself,0.016
distributed,0.016
consider,0.016
various,0.016
previously,0.016
talk,0.016
reality,0.016
person,0.016
describes,0.016
feel,0.016
regard,0.016
regular,0.016
associated,0.016
largescale,0.016
properties,0.016
paradox,0.016
organisms,0.016
variations,0.016
grounds,0.016
belief,0.016
indicated,0.016
slowed,0.016
whenever,0.016
unique,0.016
obeyed,0.016
slowly,0.016
astronomer,0.016
pass,0.016
electricity,0.016
name,0.016
equation,0.016
reflected,0.016
unit,0.016
feet,0.016
suitable,0.016
west,0.016
piccadilly,0.016
combination,0.016
upward,0.016
cones,0.016
nearest,0.016
shortest,0.016
dimensional,0.016
tested,0.016
naked,0.016
particularly,0.016
shape,0.016
spectra,0.016
blue,0.016
crests,0.016
nineteenth,0.016
noise,0.016
gamow,0.016
awarded,0.016
kinds,0.016
extent,0.016
solutions,0.016
steady,0.016
cubic,0.016
approximations,0.016
collapsed,0.016
contained,0.016
gone,0.016
technical,0.016
changed,0.016
laplace,0.016
frequencies,0.016
needs,0.016
plancks,0.016
features,0.016
technology,0.016
composed,0.016
implies,0.016
opening,0.016
maybe,0.016
reactions,0.016
irregular,0.016
positively,0.016
colleague,0.016
thirty,0.016
degrees,0.016
partner,0.016
tend,0.016
accelerators,0.016
antielectrons,0.016
except,0.016
image,0.016
cold,0.016
censorship,0.016
possibilities,0.016
california,0.016
seminar,0.016
writers,0.016
process,0.016
precise,0.016
thermodynamics,0.016
boxes,0.016
configurations,0.016
spacetimes,0.016
gdel,0.016
leibniz,0.016
stephen,0.013
writing,0.013
consisting,0.013
david,0.013
page,0.013
done,0.013
piece,0.013
mine,0.013
discuss,0.013
recently,0.013
suggest,0.013
underlying,0.013
measurement,0.013
selfcontained,0.013
young,0.013
tower,0.013
obvious,0.013
whatever,0.013
shadow,0.013
occurred,0.013
circular,0.013
brought,0.013
advantage,0.013
death,0.013
addition,0.013
attracted,0.013
head,0.013
attract,0.013
uniformly,0.013
interesting,0.013
twentieth,0.013
tendency,0.013
dominate,0.013
sight,0.013
reached,0.013
augustine,0.013
pure,0.013
asked,0.013
hubbles,0.013
dense,0.013
ignored,0.013
exists,0.013
class,0.013
basis,0.013
fire,0.013
quantity,0.013
prove,0.013
abandon,0.013
previous,0.013
goal,0.013
wanted,0.013
representing,0.013
newtonian,0.013
independent,0.013
inch,0.013
inconsistent,0.013
incorporate,0.013
falling,0.013
meters,0.013
acted,0.013
clock,0.013
behind,0.013
microwaves,0.013
sound,0.013
mathematician,0.013
usually,0.013
necessarily,0.013
radar,0.013
lines,0.013
joining,0.013
group,0.013
spatial,0.013
plus,0.013
seeing,0.013
geodesic,0.013
deflected,0.013
confirmed,0.013
taking,0.013
bottom,0.013
begun,0.013
possibly,0.013
concentrated,0.013
living,0.013
characteristic,0.013
passes,0.013
vary,0.013
doppler,0.013
emits,0.013
redshifted,0.013
spent,0.013
alone,0.013
balloon,0.013
remained,0.013
sufficiently,0.013
maximum,0.013
comes,0.013
ends,0.013
halt,0.013
clusters,0.013
catholic,0.013
pronounced,0.013
involved,0.013
collided,0.013
claim,0.013
penroses,0.013
partly,0.013
disappear,0.013
experimental,0.013
gods,0.013
intervene,0.013
quanta,0.013
reduced,0.013
role,0.013
computers,0.013
chemistry,0.013
entirely,0.013
interference,0.013
thin,0.013
film,0.013
partition,0.013
parallel,0.013
lose,0.013
simplest,0.013
cycle,0.013
allows,0.013
bring,0.013
settled,0.013
written,0.013
colliding,0.013
volts,0.013
exchange,0.013
category,0.013
pictured,0.013
understood,0.013
spontaneous,0.013
antimatter,0.013
holds,0.013
step,0.013
generation,0.013
test,0.013
runs,0.013
ourselves,0.013
tension,0.013
stable,0.013
astronauts,0.013
united,0.013
born,0.013
news,0.013
unseen,0.013
poles,0.013
formation,0.013
prevent,0.013
moscow,0.013
member,0.013
intensity,0.013
sort,0.013
destroyed,0.013
guth,0.013
effective,0.013
linde,0.013
unchanged,0.013
abacus,0.013
warp,0.013
alternative,0.013
supergravity,0.013
usual,0.013
ring,0.013
straw,0.013
curled,0.013
design,0.011
hawking,0.011
edition,0.011
cover,0.011
seven,0.011
albert,0.011
isaac,0.011
myself,0.011
bible,0.011
maps,0.011
governed,0.011
cobe,0.011
edges,0.011
distinguish,0.011
astronomy,0.011
tortoise,0.011
answers,0.011
eclipse,0.011
estimate,0.011
ship,0.011
surrounded,0.011
circles,0.011
attached,0.011
stay,0.011
rotate,0.011
simpler,0.011
copernicus,0.011
publicly,0.011
copernican,0.011
blow,0.011
looked,0.011
giving,0.011
concerned,0.011
mathematica,0.011
closer,0.011
richard,0.011
leading,0.011
instance,0.011
date,0.011
intervention,0.011
considered,0.011
thesis,0.011
meaning,0.011
edwin,0.011
emphasized,0.011
creator,0.011
practice,0.011
often,0.011
crucial,0.011
purposes,0.011
phenomena,0.011
unfortunately,0.011
ultimately,0.011
presumably,0.011
survive,0.011
chances,0.011
evolved,0.011
valid,0.011
pull,0.011
slope,0.011
galileos,0.011
drops,0.011
seconds,0.011
powerful,0.011
standard,0.011
respect,0.011
track,0.011
lack,0.011
proper,0.011
james,0.011
maxwells,0.011
centimeter,0.011
everywhere,0.011
poincar,0.011
best,0.011
significant,0.011
confined,0.011
consequence,0.011
measures,0.011
knows,0.011
nowadays,0.011
corresponds,0.011
presence,0.011
level,0.011
plane,0.011
local,0.011
choice,0.011
distinction,0.011
coordinate,0.011
threedimensional,0.011
easy,0.011
divide,0.011
elsewhere,0.011
successful,0.011
depended,0.011
thing,0.011
immediately,0.011
errors,0.011
loses,0.011
agreement,0.011
calculated,0.011
twins,0.011
returned,0.011
personal,0.011
acts,0.011
affects,0.011
lightyears,0.011
astronomers,0.011
ours,0.011
brightness,0.011
luminosity,0.011
glowing,0.011
missing,0.011
chemical,0.011
pulses,0.011
influence,0.011
late,0.011
formulated,0.011
claimed,0.011
russian,0.011
fraction,0.011
dicke,0.011
peebles,0.011
greatly,0.011
blown,0.011
contracts,0.011
decreases,0.011
separation,0.011
onto,0.011
determined,0.011
raise,0.011
suggests,0.011
volume,0.011
fewer,0.011
denser,0.011
attempt,0.011
compressed,0.011
nice,0.011
remove,0.011
efforts,0.011
radiate,0.011
require,0.011
lost,0.011
heisenberg,0.011
agreed,0.011
biology,0.011
areas,0.011
absorbed,0.011
troughs,0.011
sides,0.011
bubble,0.011
fringes,0.011
slit,0.011
units,0.011
trouble,0.011
waveparticle,0.011
couple,0.011
represents,0.011
word,0.011
indivisible,0.011
generated,0.011
internal,0.011
joined,0.011
double,0.011
mathematically,0.011
collides,0.011
exchanged,0.011
remaining,0.011
notice,0.011
graviton,0.011
gravitons,0.011
released,0.011
responsible,0.011
wheel,0.011
combinations,0.011
guts,0.011
machine,0.011
lifetime,0.011
filled,0.011
cooled,0.011
michell,0.011
society,0.011
explosion,0.011
cool,0.011
accounts,0.011
arises,0.011
settle,0.011
signal,0.011
watch,0.011
realistic,0.011
version,0.011
gradually,0.011
densities,0.011
israel,0.011
kerr,0.011
conjecture,0.011
mechanism,0.011
running,0.011
enormous,0.011
suddenly,0.011
changing,0.011
initially,0.011
lightyear,0.011
bursts,0.011
originally,0.011
existing,0.011
crunch,0.011
recollapsed,0.011
tried,0.011
pope,0.011
gives,0.011
lumpy,0.011
formulate,0.011
operations,0.011
cups,0.011
arrangement,0.011
advanced,0.011
wouldnt,0.011
travelers,0.011
atomic,0.011
worldsheet,0.011
formulations,0.011
sequence,0.011
friends,0.011
copernicanism,0.011
baby,0.008
secret,0.008
lucy,0.008
november,0.008
copyright,0.008
mechanical,0.008
data,0.008
title,0.008
division,0.008
photograph,0.008
foreword,0.008
write,0.008
weeks,0.008
forty,0.008
former,0.008
indicates,0.008
indication,0.008
represent,0.008
explorer,0.008
satellite,0.008
grew,0.008
agrees,0.008
public,0.008
lady,0.008
room,0.008
tortoises,0.008
ridiculous,0.008
believing,0.008
eclipses,0.008
disk,0.008
elongated,0.008
greeks,0.008
lies,0.008
equator,0.008
spheres,0.008
mercury,0.008
predicting,0.008
recognized,0.008
flaw,0.008
hell,0.008
kepler,0.008
telescope,0.008
satellites,0.008
orbited,0.008
appearance,0.008
copernicuss,0.008
suggesting,0.008
merely,0.008
clearly,0.008
motions,0.008
ground,0.008
reflection,0.008
balanced,0.008
bright,0.008
absorption,0.008
intervening,0.008
heated,0.008
tradition,0.008
performed,0.008
divine,0.008
antithesis,0.008
begin,0.008
ability,0.008
instant,0.008
meaningless,0.008
karl,0.008
disagree,0.008
governing,0.008
bits,0.008
full,0.008
intellectual,0.008
want,0.008
actions,0.008
conclusions,0.008
material,0.008
individuals,0.008
differences,0.008
survival,0.008
justification,0.008
aristotelian,0.008
demonstrated,0.008
false,0.008
weights,0.008
easier,0.008
feather,0.008
resistance,0.008
familiar,0.008
engine,0.008
bounces,0.008
worried,0.008
refused,0.008
accept,0.008
opinion,0.008
interval,0.008
roemer,0.008
noticed,0.008
compared,0.008
proving,0.008
unifying,0.008
angles,0.008
applied,0.008
surprise,0.008
unknown,0.008
willing,0.008
french,0.008
postulate,0.008
freely,0.008
equivalence,0.008
harder,0.008
quickly,0.008
slower,0.008
journey,0.008
diagram,0.008
related,0.008
horizontally,0.008
vertical,0.008
latitude,0.008
describing,0.008
specifying,0.008
hard,0.008
diagrams,0.008
stone,0.008
mark,0.008
shine,0.008
construct,0.008
explaining,0.008
longest,0.008
route,0.008
watching,0.008
feels,0.008
strongest,0.008
causing,0.008
expedition,0.008
knowing,0.008
mounted,0.008
importance,0.008
signals,0.008
mountain,0.008
moves,0.008
notion,0.008
subject,0.008
starting,0.008
mere,0.008
milky,0.008
forced,0.008
methods,0.008
confident,0.008
arms,0.008
breaks,0.008
specific,0.008
element,0.008
peculiar,0.008
consists,0.008
everyday,0.008
passing,0.008
approaching,0.008
sounds,0.008
police,0.008
randomly,0.008
surprising,0.008
revolutions,0.008
unlike,0.008
alexander,0.008
assumptions,0.008
whichever,0.008
views,0.008
bell,0.008
robert,0.008
movement,0.008
confirmation,0.008
slight,0.008
princeton,0.008
george,0.008
glow,0.008
heard,0.008
spots,0.008
barrier,0.008
combines,0.008
doesnt,0.008
significance,0.008
lowest,0.008
worry,0.008
predictability,0.008
nazi,0.008
occupied,0.008
continually,0.008
forming,0.008
conflict,0.008
outer,0.008
abandoned,0.008
lifshitz,0.008
khalatnikov,0.008
producing,0.008
friedmannlike,0.008
resolve,0.008
circumstances,0.008
opposition,0.008
assumes,0.008
deterministic,0.008
strongly,0.008
planck,0.008
available,0.008
scattered,0.008
hence,0.008
heisenbergs,0.008
profound,0.008
fully,0.008
laplaces,0.008
paul,0.008
dirac,0.008
unpredictability,0.008
coincide,0.008
adding,0.008
building,0.008
blocks,0.008
solve,0.008
extend,0.008
trough,0.008
feynman,0.008
differ,0.008
consistency,0.008
unifies,0.008
centuries,0.008
fellow,0.008
metal,0.008
radioactive,0.008
master,0.008
fellows,0.008
dispute,0.008
named,0.008
strange,0.008
charmed,0.008
determines,0.008
thousands,0.008
groups,0.008
positron,0.008
shake,0.008
interactions,0.008
measurable,0.008
interact,0.008
categories,0.008
strength,0.008
aspects,0.008
weakest,0.008
interacts,0.008
charges,0.008
massless,0.008
salam,0.008
weinberg,0.008
roulette,0.008
thirtyseven,0.008
cern,0.008
gluon,0.008
curious,0.008
confinement,0.008
isolated,0.008
weaker,0.008
unlikely,0.008
laboratory,0.008
essential,0.008
wait,0.008
production,0.008
mainly,0.008
antiprotons,0.008
antineutrons,0.008
highenergy,0.008
collisions,0.008
annihilated,0.008
hardly,0.008
turning,0.008
cronin,0.008
fitch,0.008
annihilation,0.008
wheeler,0.008
dragged,0.008
independently,0.008
editions,0.008
decided,0.008
mostly,0.008
rubber,0.008
hotter,0.008
serious,0.008
manage,0.008
reduce,0.008
persuaded,0.008
closely,0.008
redder,0.008
contracted,0.008
torn,0.008
poor,0.008
disturbance,0.008
detectors,0.008
theres,0.008
immediate,0.008
taylor,0.008
movements,0.008
stage,0.008
gases,0.008
berlin,0.008
nonrotating,0.008
israels,0.008
outward,0.008
brandon,0.008
carter,0.008
detail,0.008
dubious,0.008
quasars,0.008
companion,0.008
clouds,0.008
burned,0.008
build,0.008
opposite,0.008
horizons,0.008
placed,0.008
walls,0.008
occupy,0.008
halves,0.008
nitrogen,0.008
carrying,0.008
bekenstein,0.008
admit,0.008
calculation,0.008
repeated,0.008
minimum,0.008
vicinity,0.008
megawatts,0.008
pluto,0.008
enable,0.008
absence,0.008
imply,0.008
vatican,0.008
audience,0.008
doubles,0.008
cooling,0.008
fallen,0.008
neutrinos,0.008
drop,0.008
leaving,0.008
converted,0.008
alpher,0.008
bethe,0.008
authors,0.008
fusion,0.008
convert,0.008
primitive,0.008
macromolecules,0.008
capable,0.008
versions,0.008
adjusted,0.008
carefully,0.008
intended,0.008
increasing,0.008
supercooled,0.008
join,0.008
lindes,0.008
friend,0.008
months,0.008
philadelphia,0.008
medal,0.008
surfaces,0.008
device,0.008
indistinguishable,0.008
satisfactory,0.008
help,0.008
simplified,0.008
gathering,0.008
jumping,0.008
theuniverse,0.008
brain,0.008
loops,0.008
limitation,0.008
speedoflight,0.008
casimir,0.008
advance,0.008
aliens,0.008
schwarz,0.008
heterotic,0.008
anchor,0.008
creature,0.008
task,0.008
regularities,0.008
philosophy,0.008
president,0.008
colleagues,0.008
declared,0.008
appointed,0.008
flamsteed,0.008
tephen,0.005
awking,0.005
briefer,0.005
illustrated,0.005
nutshell,0.005
children,0.005
georges,0.005
hunt,0.005
hawkinga,0.005
hardcover,0.005
editionseptember,0.005
reproduced,0.005
electronic,0.005
storage,0.005
permission,0.005
publisher,0.005
trademark,0.005
patent,0.005
office,0.005
countries,0.005
york,0.005
images,0.005
author,0.005
aint,0.005
nine,0.005
eleven,0.005
galilei,0.005
thank,0.005
werent,0.005
list,0.005
arent,0.005
counted,0.005
sold,0.005
nathan,0.005
remarked,0.005
included,0.005
offer,0.005
maintain,0.005
connect,0.005
dualities,0.005
correspondences,0.005
formulation,0.005
reflections,0.005
unable,0.005
rational,0.005
explanations,0.005
lecture,0.005
plate,0.005
giant,0.005
standing,0.005
clever,0.005
someday,0.005
viewed,0.005
aristotles,0.005
currently,0.005
perfect,0.005
venus,0.005
mars,0.005
saturn,0.005
ptolemys,0.005
reasonably,0.005
adopted,0.005
accordance,0.005
seriously,0.005
johannes,0.005
italian,0.005
match,0.005
invented,0.005
modified,0.005
ellipses,0.005
ellipse,0.005
matched,0.005
repugnant,0.005
accident,0.005
sciences,0.005
universal,0.005
story,0.005
inspired,0.005
apple,0.005
celestial,0.005
letter,0.005
encounter,0.005
adds,0.005
climate,0.005
eternal,0.005
grow,0.005
modify,0.005
objection,0.005
ascribed,0.005
olbers,0.005
raised,0.005
widely,0.005
noted,0.005
avoiding,0.005
brings,0.005
cosmologies,0.005
technique,0.005
genesis,0.005
saying,0.005
examined,0.005
kant,0.005
contradictions,0.005
compelling,0.005
absurd,0.005
preparing,0.005
metaphysics,0.005
wherever,0.005
rules,0.005
minds,0.005
satisfies,0.005
requirements,0.005
inversely,0.005
popper,0.005
falsified,0.005
confidence,0.005
revealed,0.005
confirmations,0.005
deal,0.005
omnipotent,0.005
chose,0.005
invent,0.005
neglecting,0.005
investigating,0.005
classic,0.005
deals,0.005
otherthey,0.005
outcome,0.005
selection,0.005
population,0.005
reproducing,0.005
reproduce,0.005
pattern,0.005
extreme,0.005
humanitys,0.005
desire,0.005
quest,0.005
driven,0.005
impulse,0.005
dropping,0.005
rolled,0.005
balls,0.005
vertically,0.005
pulling,0.005
quarter,0.005
ninety,0.005
hour,0.005
pingpong,0.005
spot,0.005
persons,0.005
notably,0.005
illusion,0.005
commonsense,0.005
notions,0.005
dealing,0.005
comparatively,0.005
danish,0.005
varies,0.005
clerk,0.005
maxwell,0.005
magnetism,0.005
pond,0.005
centimeters,0.005
infrared,0.005
eighty,0.005
millionths,0.005
lights,0.005
michelson,0.005
morley,0.005
careful,0.005
school,0.005
michelsonmorley,0.005
credit,0.005
remembered,0.005
extended,0.005
summed,0.005
revolutionized,0.005
sending,0.005
trip,0.005
assign,0.005
marks,0.005
paris,0.005
convenient,0.005
lightsecond,0.005
automatically,0.005
introduce,0.005
anyway,0.005
diagonal,0.005
wall,0.005
longitude,0.005
validity,0.005
angle,0.005
ofthe,0.005
overlapping,0.005
helpful,0.005
thrown,0.005
classes,0.005
cease,0.005
minutes,0.005
happening,0.005
themass,0.005
suns,0.005
deflection,0.005
africa,0.005
reconciliation,0.005
ironic,0.005
relation,0.005
exact,0.005
considerable,0.005
advent,0.005
twin,0.005
older,0.005
younger,0.005
arena,0.005
dynamic,0.005
decades,0.005
revolutionize,0.005
replaced,0.005
brightest,0.005
sees,0.005
fortunate,0.005
enables,0.005
band,0.005
disklike,0.005
cataloging,0.005
gained,0.005
indirect,0.005
telescopes,0.005
inner,0.005
majority,0.005
shaped,0.005
component,0.005
rainbow,0.005
shifted,0.005
appearing,0.005
obviously,0.005
correspondingly,0.005
blueshifted,0.005
pitch,0.005
proof,0.005
galaxys,0.005
growing,0.005
wonder,0.005
eighteenth,0.005
introducing,0.005
built,0.005
inbuilt,0.005
approximation,0.005
lucky,0.005
uncovered,0.005
remarkably,0.005
sensitive,0.005
picking,0.005
ruled,0.005
working,0.005
reaching,0.005
largely,0.005
arthur,0.005
keeps,0.005
fourth,0.005
saddle,0.005
indirectly,0.005
died,0.005
afterward,0.005
seized,0.005
officially,0.005
bondi,0.005
thomas,0.005
gold,0.005
hoyle,0.005
numerous,0.005
current,0.005
conclude,0.005
trapped,0.005
shrinks,0.005
entire,0.005
disease,0.005
engaged,0.005
read,0.005
reversed,0.005
joint,0.005
beauty,0.005
realization,0.005
incomplete,0.005
ignore,0.005
extraordinarily,0.005
marquis,0.005
doctrine,0.005
packets,0.005
werner,0.005
disturb,0.005
vice,0.005
versa,0.005
tries,0.005
seventy,0.005
economy,0.005
outcomes,0.005
randomness,0.005
played,0.005
statement,0.005
play,0.005
underlies,0.005
governs,0.005
properly,0.005
incorporated,0.005
behaves,0.005
soap,0.005
replaces,0.005
phenomenon,0.005
resolved,0.005
opposed,0.005
bohrs,0.005
canceled,0.005
nonquantum,0.005
phases,0.005
relatively,0.005
straightforward,0.005
underlie,0.005
downfall,0.005
contents,0.005
continuous,0.005
proportions,0.005
schools,0.005
dust,0.005
liquid,0.005
flashes,0.005
deduced,0.005
rutherfords,0.005
chadwick,0.005
electrical,0.005
elected,0.005
disagreements,0.005
returning,0.005
flavors,0.005
volt,0.005
burning,0.005
thinking,0.005
tops,0.005
paulis,0.005
explains,0.005
lucasian,0.005
professorship,0.005
diracs,0.005
antielectron,0.005
meet,0.005
collision,0.005
construction,0.005
unify,0.005
carries,0.005
radioactivity,0.005
steven,0.005
harvard,0.005
interaction,0.005
stands,0.005
weinbergsalam,0.005
acquire,0.005
committee,0.005
european,0.005
centre,0.005
partners,0.005
simon,0.005
binds,0.005
antiquark,0.005
prevents,0.005
metaphysical,0.005
tightly,0.005
antiproton,0.005
occasionally,0.005
thirtyone,0.005
none,0.005
mixture,0.005
processes,0.005
symmetries,0.005
yang,0.005
showing,0.005
obeys,0.005
excess,0.005
uncertainties,0.005
cannonballs,0.005
compact,0.005
frequently,0.005
heats,0.005
coalesce,0.005
controlled,0.005
additional,0.005
balancing,0.005
paradoxically,0.005
graduate,0.005
sail,0.005
replied,0.005
voyage,0.005
landau,0.005
hundreds,0.005
limiting,0.005
explode,0.005
throw,0.005
managed,0.005
chandrasekhars,0.005
shrink,0.005
solved,0.005
oppenheimer,0.005
caught,0.005
revived,0.005
astronomical,0.005
application,0.005
oppenheimers,0.005
bending,0.005
fail,0.005
intrepid,0.005
successive,0.005
getting,0.005
fainter,0.005
exert,0.005
spaghetti,0.005
tear,0.005
hours,0.005
propose,0.005
paraphrased,0.005
hidden,0.005
breakdown,0.005
occurs,0.005
highly,0.005
thorne,0.005
enter,0.005
europe,0.005
settles,0.005
loss,0.005
pulsar,0.005
ligo,0.005
pick,0.005
varied,0.005
schwarzschild,0.005
shortly,0.005
nonzero,0.005
bulges,0.005
rotates,0.005
kings,0.005
hair,0.005
detailed,0.005
main,0.005
observatory,0.005
faint,0.005
encouragement,0.005
contact,0.005
announced,0.005
consolation,0.005
galactic,0.005
reveal,0.005
amounts,0.005
jets,0.005
lowmass,0.005
pressures,0.005
oceans,0.005
learn,0.005
birth,0.005
disability,0.005
ahead,0.005
meeting,0.005
swallowed,0.005
cast,0.005
nondecreasing,0.005
restriction,0.005
excited,0.005
removed,0.005
status,0.005
violated,0.005
fatal,0.005
violation,0.005
basically,0.005
soviet,0.005
experts,0.005
zeldovich,0.005
starobinsky,0.005
convinced,0.005
oxford,0.005
afraid,0.005
violations,0.005
lift,0.005
forsaken,0.005
flow,0.005
tremendous,0.005
burst,0.005
evaporate,0.005
harness,0.005
front,0.005
constructed,0.005
explosions,0.005
latter,0.005
recognize,0.005
upset,0.005
viewpoint,0.005
greeted,0.005
insteins,0.005
decreased,0.005
deuterium,0.005
decayed,0.005
ralph,0.005
stopped,0.005
combining,0.005
resulting,0.005
carbon,0.005
flung,0.005
cloud,0.005
debris,0.005
supernovas,0.005
survived,0.005
sulfide,0.005
replace,0.005
asking,0.005
couldnt,0.005
wouldbe,0.005
apply,0.005
spatially,0.005
somewhere,0.005
exploded,0.005
among,0.005
purpose,0.005
freezing,0.005
crystals,0.005
smoothed,0.005
nonuniform,0.005
accelerated,0.005
inflation,0.005
raises,0.005
conservation,0.005
lunch,0.005
guths,0.005
lectures,0.005
voice,0.005
moss,0.005
journal,0.005
papers,0.005
franklin,0.005
judy,0.005
fella,0.005
persuade,0.005
dead,0.005
hopes,0.005
behaved,0.005
perform,0.005
middle,0.005
difficulties,0.005
disappears,0.005
labeled,0.005
appeal,0.005
hartle,0.005
satisfy,0.005
jonathan,0.005
successfully,0.005
learns,0.005
family,0.005
useful,0.005
departures,0.005
nonuniformities,0.005
jump,0.005
business,0.005
jigsaw,0.005
arrangements,0.005
works,0.005
humans,0.005
stock,0.005
tomorrows,0.005
prices,0.005
wires,0.005
wire,0.005
beads,0.005
item,0.005
bead,0.005
academic,0.005
money,0.005
bank,0.005
lives,0.005
adopt,0.005
misled,0.005
raymond,0.005
laflamme,0.005
food,0.005
railway,0.005
prospects,0.005
statements,0.005
arithmetic,0.005
hasnt,0.005
sign,0.005
permit,0.005
bands,0.005
stories,0.005
arrived,0.005
fasterthanlight,0.005
spaceships,0.005
shortcut,0.005
bridges,0.005
einsteinrosen,0.005
overdrawn,0.005
cavity,0.005
pipe,0.005
visit,0.005
visitors,0.005
arise,0.005
killed,0.005
greatgreatgrandfather,0.005
paradoxes,0.005
microscopic,0.005
loop,0.005
annihilates,0.005
macroscopic,0.005
chronology,0.005
protection,0.005
renormalization,0.005
suspected,0.005
prepared,0.005
occupies,0.005
scherk,0.005
supporter,0.005
curling,0.005
pbranes,0.005
brane,0.005
directed,0.005
refined,0.005
electroweak,0.005
bridge,0.005
grasp,0.005
outline,0.005
digested,0.005
earliest,0.005
spirits,0.005
unpredictable,0.005
sought,0.005
prominence,0.005
constructing,0.005
investigate,0.005
professor,0.005
international,0.005
relations,0.005
zionism,0.005
jewish,0.005
commanded,0.005
acquiesced,0.005
decree,0.005
censors,0.005
arrest,0.005
disputes,0.005
flamsteeds,0.005
court,0.005
nick,0.005
calculus,0.005
report,0.005
adjacent,0.005
helped,0.005
andrew,0.005
dunn,0.005
communication,0.005
donated,0.005
speech,0.005
synthesizer,0.005
assistants,0.005
essays,0.003
treasure,0.003
publishing,0.003
trade,0.003
paperback,0.003
rights,0.003
reserved,0.003
illustrations,0.003
miller,0.003
delstein,0.003
transmitted,0.003
photocopying,0.003
recording,0.003
retrieval,0.003
address,0.003
library,0.003
cataloginginpublication,0.003
includes,0.003
index,0.003
eisbn,0.003
portrayal,0.003
rooster,0.003
registered,0.003
marca,0.003
registrada,0.003
broadway,0.003
illustration,0.003
pere,0.003
montgomerygetty,0.003
vcontents,0.003
twelve,0.003
glossary,0.003
acknowledgmentsabout,0.003
authori,0.003
carl,0.003
sagan,0.003
titled,0.003
acknowledgments,0.003
advised,0.003
foundations,0.003
pleased,0.003
applications,0.003
publishers,0.003
agent,0.003
sunday,0.003
bestseller,0.003
shakespeare,0.003
translated,0.003
languages,0.003
copy,0.003
women,0.003
myhrvold,0.003
microsoft,0.003
postdoc,0.003
madonna,0.003
widespread,0.003
opportunity,0.003
update,0.003
obtained,0.003
april,0.003
fools,0.003
tubes,0.003
ofphysics,0.003
express,0.003
collaborations,0.003
fingerprints,0.003
wellknown,0.003
bertrand,0.003
russell,0.003
rubbish,0.003
superior,0.003
smile,0.003
replying,0.003
youre,0.003
turtles,0.003
breakthroughs,0.003
fantastic,0.003
technologies,0.003
longstanding,0.003
sunor,0.003
heavens,0.003
theirtravels,0.003
northerly,0.003
egypt,0.003
greece,0.003
quoted,0.003
stadia,0.003
stadium,0.003
yards,0.003
sails,0.003
hull,0.003
mystical,0.003
elaborated,0.003
stood,0.003
respective,0.003
outermost,0.003
mankinds,0.003
heavenly,0.003
correctly,0.003
universally,0.003
christian,0.003
scripture,0.003
lots,0.003
forheaven,0.003
polish,0.003
priest,0.003
nicholas,0.003
fear,0.003
branded,0.003
heretic,0.003
circulated,0.003
anonymously,0.003
astronomersthe,0.003
galileistarted,0.003
aristotelianptolemaic,0.003
accompanied,0.003
thecenter,0.003
reconcile,0.003
philosophiae,0.003
naturalis,0.003
analyze,0.003
postulated,0.003
gravitation,0.003
apocryphal,0.003
contemplative,0.003
mood,0.003
occasioned,0.003
essentiallymotionless,0.003
bentley,0.003
thinker,0.003
reasoned,0.003
pitfalls,0.003
talking,0.003
infinity,0.003
peoples,0.003
truths,0.003
comfort,0.003
attempted,0.003
significantly,0.003
equilibriumwith,0.003
equilibrium,0.003
wouldbecome,0.003
drive,0.003
heinrich,0.003
contemporaries,0.003
article,0.003
plausible,0.003
olberss,0.003
counterargument,0.003
dimmed,0.003
glowed,0.003
brightly,0.003
shining,0.003
absorbing,0.003
jewishchristianmuslim,0.003
feeling,0.003
city,0.003
progressing,0.003
deed,0.003
archaeologists,0.003
smacked,0.003
ancients,0.003
answered,0.003
periodic,0.003
floods,0.003
disasters,0.003
repeatedly,0.003
extensively,0.003
immanuel,0.003
monumental,0.003
obscure,0.003
critique,0.003
antinomies,0.003
unspoken,0.003
continues,0.003
reply,0.003
theology,0.003
amanner,0.003
landmark,0.003
realm,0.003
infinitesimally,0.003
imposed,0.003
necessity,0.003
literally,0.003
afterwards,0.003
preclude,0.003
simpleminded,0.003
restricted,0.003
relate,0.003
ofobservations,0.003
empedocless,0.003
square,0.003
provisional,0.003
contradict,0.003
disprove,0.003
disagrees,0.003
characterized,0.003
disproved,0.003
survives,0.003
competence,0.003
devised,0.003
extension,0.003
einsteinsthe,0.003
eventual,0.003
religion,0.003
devise,0.003
isolation,0.003
constitution,0.003
theoriesthe,0.003
achievements,0.003
twentyfour,0.003
universequantum,0.003
endeavors,0.003
theme,0.003
botha,0.003
fair,0.003
outlined,0.003
logical,0.003
deductions,0.003
scheme,0.003
darwins,0.003
self,0.003
genetic,0.003
upbringing,0.003
accordingly,0.003
intelligence,0.003
conveyed,0.003
discoveries,0.003
destroy,0.003
muchdifference,0.003
reasoning,0.003
abilities,0.003
justify,0.003
worth,0.003
noting,0.003
microelectronics,0.003
species,0.003
lifestyle,0.003
dawn,0.003
content,0.003
unconnected,0.003
inexplicable,0.003
craved,0.003
yearn,0.003
deepest,0.003
continuing,0.003
check,0.003
bothered,0.003
leaning,0.003
pisa,0.003
untrue,0.003
scott,0.003
tomake,0.003
constantly,0.003
stated,0.003
explicitly,0.003
acting,0.003
attracts,0.003
doubled,0.003
wouldeither,0.003
preferred,0.003
aside,0.003
playing,0.003
nonexistence,0.003
prefer,0.003
accord,0.003
severely,0.003
criticized,0.003
irrational,0.003
bishop,0.003
berkeley,0.003
johnson,0.003
berkeleys,0.003
cried,0.003
refute,0.003
stubbed,0.003
stoneboth,0.003
unambiguously,0.003
whoever,0.003
apples,0.003
christensen,0.003
evenly,0.003
spaced,0.003
jupiters,0.003
roemers,0.003
achievement,0.003
remarkablecoming,0.003
propagation,0.003
succeeded,0.003
wavelike,0.003
disturbances,0.003
tenthousandth,0.003
centimetereven,0.003
ultraviolet,0.003
substance,0.003
edward,0.003
cleveland,0.003
dutch,0.003
hendrik,0.003
lorentz,0.003
slowing,0.003
hitherto,0.003
swiss,0.003
unnecessary,0.003
providing,0.003
henri,0.003
calledwas,0.003
approaches,0.003
rises,0.003
intrinsic,0.003
traveledwhich,0.003
speedwhich,0.003
itappeared,0.003
receives,0.003
echo,0.003
halfway,0.003
procedure,0.003
method,0.003
cesium,0.003
historical,0.003
meterin,0.003
platinum,0.003
kept,0.003
define,0.003
fundamentally,0.003
spacetimefigure,0.003
height,0.003
circus,0.003
patches,0.003
patch,0.003
northeast,0.003
northwest,0.003
personally,0.003
visualize,0.003
spaces,0.003
perspective,0.003
beenconfirmed,0.003
stacks,0.003
snapshots,0.003
spreading,0.003
eventwhen,0.003
neglects,0.003
oflight,0.003
instantaneously,0.003
unsuccessful,0.003
revolutionary,0.003
assumed,0.003
airports,0.003
airline,0.003
navigator,0.003
pilot,0.003
airplane,0.003
flying,0.003
hilly,0.003
groundfigure,0.003
curves,0.003
served,0.003
deviations,0.003
geodesics,0.003
blocked,0.003
proofof,0.003
hailed,0.003
examination,0.003
photographs,0.003
sheer,0.003
luck,0.003
uncommon,0.003
occurrence,0.003
heights,0.003
navigation,0.003
stays,0.003
ages,0.003
stayed,0.003
timethat,0.003
repelled,0.003
unaffected,0.003
timeand,0.003
endi,0.003
moonless,0.003
proxima,0.003
twentythree,0.003
comparison,0.003
william,0.003
herschel,0.003
painstakingly,0.003
acceptance,0.003
dates,0.003
tracts,0.003
unlikenearby,0.003
factors,0.003
radiates,0.003
conversely,0.003
luminosityand,0.003
averagesized,0.003
yellow,0.003
universefigure,0.003
pinpoints,0.003
observethe,0.003
triangular,0.003
glass,0.003
prism,0.003
focusing,0.003
opaque,0.003
thermal,0.003
absorbs,0.003
matching,0.003
tothose,0.003
ranging,0.003
tenmillionths,0.003
relationship,0.003
listen,0.003
road,0.003
cars,0.003
theirspectra,0.003
hindsight,0.003
fires,0.003
seventeenth,0.003
persisted,0.003
antigravity,0.003
fabric,0.003
theattraction,0.003
face,0.003
relativitys,0.003
nonstatic,0.003
anywhere,0.003
distinct,0.003
ignores,0.003
assumptionas,0.003
rough,0.003
telephone,0.003
laboratories,0.003
jersey,0.003
arno,0.003
testing,0.003
bird,0.003
droppings,0.003
checked,0.003
malfunctions,0.003
pointing,0.003
directlyoverhead,0.003
unwittingly,0.003
stumbled,0.003
mention,0.003
samewhichever,0.003
alternate,0.003
modesty,0.003
painted,0.003
steadily,0.003
howard,0.003
robertson,0.003
walker,0.003
response,0.003
steadyspeed,0.003
reaches,0.003
impassable,0.003
endand,0.003
recollapses,0.003
casespace,0.003
hundredth,0.003
infer,0.003
tenth,0.003
exclude,0.003
wont,0.003
shouldnot,0.003
unduly,0.003
colonized,0.003
mankind,0.003
extinguished,0.003
handle,0.003
mathematicians,0.003
beforehand,0.003
smacks,0.003
widest,0.003
refugees,0.003
austria,0.003
hermann,0.003
briton,0.003
fred,0.003
gaps,0.003
atall,0.003
modification,0.003
continual,0.003
kilometer,0.003
survey,0.003
martin,0.003
ryle,0.003
identified,0.003
interpreted,0.003
alternatively,0.003
contradicted,0.003
evgenii,0.003
peculiarity,0.003
otherso,0.003
justmoving,0.003
sideways,0.003
resulted,0.003
flown,0.003
exceptional,0.003
withdrew,0.003
valuable,0.003
holeat,0.003
desperately,0.003
diagnosed,0.003
suffering,0.003
commonly,0.003
gehrigs,0.003
motor,0.003
neuron,0.003
phdi,0.003
worse,0.003
gotten,0.003
girl,0.003
jane,0.003
wilde,0.003
married,0.003
undergoing,0.003
timereversed,0.003
techniques,0.003
russians,0.003
marxist,0.003
spoiled,0.003
generallyaccepted,0.003
convince,0.003
universeas,0.003
mans,0.003
millennia,0.003
transformed,0.003
insignificance,0.003
vastness,0.003
claims,0.003
smallscale,0.003
gravityt,0.003
resisted,0.003
infringed,0.003
indications,0.003
lord,0.003
rayleigh,0.003
jeans,0.003
unlimited,0.003
radiated,0.003
scientistmax,0.003
arbitrarily,0.003
disturbed,0.003
inescapable,0.003
havenot,0.003
appreciated,0.003
controversy,0.003
signaled,0.003
dream,0.003
supernatural,0.003
disturbing,0.003
mortals,0.003
employ,0.003
occams,0.003
razor,0.003
erwin,0.003
schrdinger,0.003
reformulate,0.003
approximate,0.003
introduces,0.003
unavoidable,0.003
objected,0.003
contribution,0.003
feelings,0.003
dice,0.003
outstandingly,0.003
transistors,0.003
integrated,0.003
circuits,0.003
essentialcomponents,0.003
devices,0.003
televisions,0.003
respects,0.003
smeared,0.003
absent,0.003
colored,0.003
twoslit,0.003
narrow,0.003
partitionfrom,0.003
arrive,0.003
reinforce,0.003
theregiving,0.003
timethe,0.003
niels,0.003
bohr,0.003
fill,0.003
fractional,0.003
lengths,0.003
alloweda,0.003
visualizing,0.003
compares,0.003
concrete,0.003
discrepancy,0.003
itsdownfall,0.003
theorya,0.003
ristotle,0.003
elementsearth,0.003
sink,0.003
levity,0.003
grain,0.003
democritus,0.003
inherently,0.003
grainy,0.003
chemist,0.003
dalton,0.003
compounds,0.003
grouping,0.003
atomists,0.003
brownian,0.003
suspended,0.003
liquidcould,0.003
suspicions,0.003
trinity,0.003
thomson,0.003
particleof,0.003
thousandth,0.003
lightest,0.003
setup,0.003
redhot,0.003
filament,0.003
phosphorcoated,0.003
zealand,0.003
ernest,0.003
rutherford,0.003
analyzing,0.003
gonville,0.003
caius,0.003
resigned,0.003
bitter,0.003
voted,0.003
offices,0.003
tail,0.003
bitterness,0.003
prizewinning,0.003
nevill,0.003
mott,0.003
resign,0.003
caltech,0.003
murray,0.003
gellmann,0.003
enigmatic,0.003
quotation,0.003
joyce,0.003
muster,0.003
quart,0.003
atthe,0.003
rhyme,0.003
lark,0.003
varieties,0.003
flavor,0.003
labels,0.003
imaginative,0.003
naming,0.003
phenomenathey,0.003
restrict,0.003
truly,0.003
disposal,0.003
thomsons,0.003
gains,0.003
smallest,0.003
learned,0.003
energiesof,0.003
misleading,0.003
headed,0.003
fractions,0.003
austrian,0.003
wolfgang,0.003
paulifor,0.003
archetypal,0.003
town,0.003
theuncertainty,0.003
soup,0.003
itdidnt,0.003
antiworlds,0.003
antipeople,0.003
antiself,0.003
hands,0.003
vanish,0.003
flash,0.003
integer,0.003
recoil,0.003
exchanging,0.003
grouped,0.003
manmade,0.003
deeper,0.003
prime,0.003
forceand,0.003
leave,0.003
till,0.003
effectthey,0.003
weakand,0.003
electrically,0.003
withuncharged,0.003
fortytwo,0.003
negatively,0.003
emittedwhich,0.003
photographic,0.003
uses,0.003
abdus,0.003
imperial,0.003
collectively,0.003
vector,0.003
bosons,0.003
minus,0.003
zpronounced,0.003
naught,0.003
gigaelectronvolt,0.003
exhibits,0.003
spun,0.003
wayit,0.003
rolls,0.003
slows,0.003
slots,0.003
sheldon,0.003
glashow,0.003
spared,0.003
embarrassment,0.003
carlo,0.003
rubbia,0.003
team,0.003
meer,0.003
engineer,0.003
employed,0.003
days,0.003
topthe,0.003
triplet,0.003
constitutes,0.003
antired,0.003
antigreen,0.003
antiblue,0.003
mesons,0.003
glueball,0.003
somewhat,0.003
asymptotic,0.003
exaggeration,0.003
resultant,0.003
parameters,0.003
fitin,0.003
asymptotically,0.003
achieving,0.003
machines,0.003
planned,0.003
systemand,0.003
funded,0.003
economic,0.003
spontaneously,0.003
lighter,0.003
gaining,0.003
experimentally,0.003
detecting,0.003
yielded,0.003
morton,0.003
salt,0.003
ohio,0.003
confused,0.003
elaborate,0.003
lifetimes,0.003
involving,0.003
processthe,0.003
borders,0.003
annihilating,0.003
direct,0.003
annihilations,0.003
implausible,0.003
unequal,0.003
luckily,0.003
transformations,0.003
quarksthan,0.003
righthanded,0.003
lefthanded,0.003
tsungdao,0.003
chen,0.003
ning,0.003
chienshiung,0.003
lining,0.003
differently,0.003
swapped,0.003
americans,0.003
kmesons,0.003
prizes,0.003
imagebut,0.003
reverses,0.003
timethey,0.003
expandsif,0.003
qualitative,0.003
neglected,0.003
focused,0.003
stellar,0.003
intense,0.003
hints,0.003
othera,0.003
glimpse,0.003
comet,0.003
term,0.003
coined,0.003
graphic,0.003
favored,0.003
respond,0.003
rockets,0.003
philosophical,0.003
transactions,0.003
voids,0.003
interestingly,0.003
crazyidea,0.003
treat,0.003
cannonball,0.003
fired,0.003
bounce,0.003
reaction,0.003
stops,0.003
balloonthere,0.003
fuels,0.003
sooner,0.003
offuel,0.003
indian,0.003
subrahmanyan,0.003
england,0.003
expert,0.003
journalist,0.003
paused,0.003
india,0.003
pauli,0.003
tends,0.003
davidovich,0.003
sirius,0.003
astar,0.003
catastrophic,0.003
added,0.003
shocked,0.003
implication,0.003
hostility,0.003
teacher,0.003
authority,0.003
intervened,0.003
project,0.003
forgotten,0.003
atomand,0.003
rediscovered,0.003
tips,0.003
dimmer,0.003
shrunk,0.003
coincides,0.003
approached,0.003
companions,0.003
intervalsbetween,0.003
arrival,0.003
scenario,0.003
stretch,0.003
undergo,0.003
noticing,0.003
apartfigure,0.003
singularitythe,0.003
failure,0.003
abhors,0.003
decently,0.003
strictly,0.003
protects,0.003
unfortunate,0.003
preskill,0.003
tech,0.003
technicality,0.003
examples,0.003
clothe,0.003
nakedness,0.003
moral,0.003
victory,0.003
oneway,0.003
membranearound,0.003
unwary,0.003
poet,0.003
dante,0.003
entrance,0.003
japan,0.003
displacements,0.003
twentyone,0.003
cork,0.003
bobs,0.003
produces,0.003
lowabout,0.003
heater,0.003
occurring,0.003
regularpulses,0.003
losing,0.003
hulse,0.003
complex,0.003
formednot,0.003
canadian,0.003
doctoral,0.003
ireland,0.003
starwhich,0.003
sphericalcould,0.003
interpretation,0.003
advocated,0.003
morespherical,0.003
dealt,0.003
zealander,0.003
depending,0.003
bulge,0.003
conjectured,0.003
robinson,0.003
carters,0.003
pulsating,0.003
maxim,0.003
restricts,0.003
compare,0.003
informationabout,0.003
opponents,0.003
maarten,0.003
schmidt,0.003
palomar,0.003
starlike,0.003
catalogue,0.003
huge,0.003
quasistellar,0.003
shifts,0.003
conclusive,0.003
jocelyn,0.003
burnell,0.003
supervisor,0.003
antony,0.003
hewish,0.003
alien,0.003
romantic,0.003
thename,0.003
pulsars,0.003
surrounding,0.003
westerns,0.003
hopeful,0.003
unreasonable,0.003
coal,0.003
cellar,0.003
fortunately,0.003
pioneering,0.003
exerts,0.003
develops,0.003
bath,0.003
farfetched,0.003
ofinsurance,0.003
policy,0.003
wasted,0.003
winning,0.003
magazine,0.003
private,0.003
conceded,0.003
paid,0.003
penalty,0.003
oneyear,0.003
subscription,0.003
penthouse,0.003
outrage,0.003
kips,0.003
liberated,0.003
wife,0.003
brighter,0.003
consist,0.003
magellanic,0.003
totals,0.003
doesthe,0.003
insufficient,0.003
centers,0.003
supermassive,0.003
spirals,0.003
infalling,0.003
focus,0.003
ejected,0.003
exhausted,0.003
external,0.003
compress,0.003
epoch,0.003
clumped,0.003
details,0.003
thousandmillion,0.003
onesb,0.003
efore,0.003
evening,0.003
daughter,0.003
plenty,0.003
defining,0.003
hovering,0.003
managing,0.003
directionyou,0.003
shadowthe,0.003
impending,0.003
doom,0.003
otherfigure,0.003
merged,0.003
sleep,0.003
rang,0.003
aware,0.003
definitions,0.003
andhence,0.003
reminiscent,0.003
repairs,0.003
paint,0.003
requires,0.003
expenditure,0.003
effort,0.003
entropies,0.003
theindividual,0.003
billiard,0.003
bouncing,0.003
lefthand,0.003
overwhelmingly,0.003
joins,0.003
removes,0.003
violating,0.003
downbut,0.003
entropyfell,0.003
jacob,0.003
poker,0.003
glows,0.003
bardeen,0.003
similarities,0.003
motivated,0.003
irritation,0.003
misused,0.003
september,0.003
visiting,0.003
yakov,0.003
devising,0.003
treatment,0.003
informal,0.003
expecting,0.003
radiationthat,0.003
annoyance,0.003
confirm,0.003
detectorhowever,0.003
condemned,0.003
shortlived,0.003
seek,0.003
outgoing,0.003
reduces,0.003
compensated,0.003
itstemperature,0.003
guess,0.003
hbombs,0.003
fills,0.003
absorb,0.003
destined,0.003
lowthat,0.003
sixtysix,0.003
evaporated,0.003
deserve,0.003
epithet,0.003
stations,0.003
oscillate,0.003
earthand,0.003
towing,0.003
carrot,0.003
donkey,0.003
proposition,0.003
detectable,0.003
differs,0.003
dotted,0.003
scarce,0.003
kilometers,0.003
farthest,0.003
week,0.003
penetrate,0.003
atmospherefigure,0.003
grant,0.003
treaty,0.003
sixteen,0.003
month,0.003
accountfor,0.003
exploding,0.003
proves,0.003
aroused,0.003
rutherfordappleton,0.003
incredulity,0.003
chairman,0.003
session,0.003
nonsense,0.003
irreversible,0.003
willbe,0.003
recycled,0.003
immortality,0.003
derive,0.003
gram,0.003
onward,0.003
limitations,0.003
singularitye,0.003
dramatic,0.003
studying,0.003
reawakened,0.003
attended,0.003
organized,0.003
jesuits,0.003
declaring,0.003
invite,0.003
advise,0.003
participants,0.003
granted,0.003
inquire,0.003
glad,0.003
thesubject,0.003
conferencethe,0.003
share,0.003
whom,0.003
identity,0.003
coincidence,0.003
finds,0.003
cooler,0.003
energyor,0.003
speedof,0.003
clump,0.003
producedand,0.003
quicklyand,0.003
hbomb,0.003
protonsand,0.003
electronantielectron,0.003
antineutrinos,0.003
weakly,0.003
hottest,0.003
lithium,0.003
beryllium,0.003
humorhe,0.003
hans,0.003
letters,0.003
alphabet,0.003
beta,0.003
particularlyappropriate,0.003
inaccurate,0.003
dropped,0.003
overcome,0.003
fasterjust,0.003
skaters,0.003
oval,0.003
stably,0.003
overall,0.003
owngravity,0.003
radiating,0.003
proceed,0.003
release,0.003
crisis,0.003
supernova,0.003
outshine,0.003
secondor,0.003
thirdgeneration,0.003
collected,0.003
acquired,0.003
rocks,0.003
poisonous,0.003
rotten,0.003
eggs,0.003
smell,0.003
flourish,0.003
intolarge,0.003
assembling,0.003
ocean,0.003
reproduction,0.003
macromolecule,0.003
tended,0.003
selfreproducing,0.003
consumed,0.003
materials,0.003
composition,0.003
fish,0.003
reptiles,0.003
mammals,0.003
leaves,0.003
unanswered,0.003
exam,0.003
pretty,0.003
communicated,0.003
unexplained,0.003
separates,0.003
homogeneous,0.003
boundarya,0.003
decreed,0.003
incomprehensible,0.003
gradual,0.003
reflect,0.003
divinely,0.003
picks,0.003
implicitly,0.003
purely,0.003
upper,0.003
horde,0.003
monkeys,0.003
hammering,0.003
typewritersmost,0.003
garbage,0.003
shakespeares,0.003
sonnets,0.003
improbable,0.003
heavily,0.003
outnumbered,0.003
selfreplicating,0.003
whyis,0.003
andor,0.003
surprised,0.003
locality,0.003
rich,0.003
wealthy,0.003
neighborhood,0.003
poverty,0.003
agoit,0.003
biological,0.003
quarrel,0.003
utility,0.003
manyfundamental,0.003
ratio,0.003
finely,0.003
burn,0.003
dreamed,0.003
ranges,0.003
beautiful,0.003
objections,0.003
continuously,0.003
tide,0.003
geocentric,0.003
forebears,0.003
theheliocentric,0.003
mediumsized,0.003
suburbs,0.003
sake,0.003
prerequisite,0.003
happier,0.003
flowed,0.003
massachusetts,0.003
alan,0.003
aperiod,0.003
decreasing,0.003
symmetrical,0.003
lined,0.003
waters,0.003
supercool,0.003
antigravitational,0.003
everincreasing,0.003
outweighed,0.003
alsoexpand,0.003
accelerating,0.003
wrinkles,0.003
attracting,0.003
expend,0.003
approximately,0.003
cancels,0.003
zeronow,0.003
eliminate,0.003
freezes,0.003
unbroken,0.003
reheat,0.003
steam,0.003
boiling,0.003
someregions,0.003
october,0.003
sternberg,0.003
prepare,0.003
repeating,0.003
andrei,0.003
lebedev,0.003
avoided,0.003
embarrassed,0.003
recommended,0.003
skillful,0.003
quick,0.003
secretary,0.003
inconsiderable,0.003
charm,0.003
airways,0.003
herself,0.003
seats,0.003
concorde,0.003
publicity,0.003
venture,0.003
airport,0.003
rainand,0.003
missed,0.003
drexel,0.003
forth,0.003
steinhardt,0.003
andreas,0.003
albrecht,0.003
pennsylvania,0.003
doubt,0.003
demise,0.003
viable,0.003
supercooling,0.003
advantages,0.003
arisen,0.003
stateof,0.003
inhabit,0.003
care,0.003
wish,0.003
considering,0.003
counsel,0.003
despair,0.003
negation,0.003
badly,0.003
guide,0.003
theorywe,0.003
sums,0.003
severe,0.003
prescription,0.003
multiply,0.003
ancient,0.003
euclid,0.003
founded,0.003
geometry,0.003
differencethe,0.003
trick,0.003
analogue,0.003
performing,0.003
theother,0.003
footing,0.003
sunset,0.003
stretches,0.003
opened,0.003
broke,0.003
summer,0.003
santa,0.003
barbara,0.003
julian,0.003
luttrel,0.003
halliwell,0.003
emphasize,0.003
finitewithout,0.003
aesthetic,0.003
simplifying,0.003
approximationsand,0.003
extracting,0.003
formidable,0.003
negligible,0.003
andwould,0.003
singular,0.003
somehow,0.003
doomed,0.003
undone,0.003
sticky,0.003
lived,0.003
singularitiesfigure,0.003
figment,0.003
imaginations,0.003
leads,0.003
anydirection,0.003
nonuniformity,0.003
undergone,0.003
amplified,0.003
insignificant,0.003
creatures,0.003
affairs,0.003
startedit,0.003
beup,0.003
wind,0.003
clockwork,0.003
creatori,0.003
relativityand,0.003
interchanged,0.003
reversing,0.003
themotion,0.003
inhabitants,0.003
operation,0.003
easily,0.003
gather,0.003
crockery,0.003
manufacturers,0.003
forbidden,0.003
murphys,0.003
intact,0.003
readily,0.003
distinguishes,0.003
directionand,0.003
jumbled,0.003
ordersuppose,0.003
finish,0.003
memories,0.003
killing,0.003
probabilities,0.003
definitely,0.003
dissipated,0.003
expelled,0.003
records,0.003
remembers,0.003
subjective,0.003
trivial,0.003
safer,0.003
todescribe,0.003
violate,0.003
exponential,0.003
factor,0.003
sorts,0.003
sciencefictionlike,0.003
fortune,0.003
market,0.003
collapses,0.003
quicker,0.003
rememberingwhere,0.003
reversal,0.003
winnings,0.003
analogy,0.003
penn,0.003
contraction,0.003
begins,0.003
recontract,0.003
holeswhat,0.003
mutually,0.003
opposing,0.003
incorrect,0.003
confusing,0.003
print,0.003
biggest,0.003
believes,0.003
operate,0.003
consume,0.003
summarize,0.003
unsuitable,0.003
established,0.003
corner,0.003
increasingly,0.003
reading,0.003
calories,0.003
convection,0.003
sweat,0.003
unitsor,0.003
brainand,0.003
thats,0.003
neck,0.003
woods,0.003
universet,0.003
treated,0.003
branches,0.003
station,0.003
wells,0.003
explored,0.003
countless,0.003
submarines,0.003
matters,0.003
kurt,0.003
yourself,0.003
dried,0.003
gdels,0.003
incompleteness,0.003
obstacle,0.003
gyroscopes,0.003
offin,0.003
record,0.003
illfounded,0.003
encouraging,0.003
interior,0.003
cross,0.003
section,0.003
symmetrybreaking,0.003
straighten,0.003
distorted,0.003
abundances,0.003
subsequently,0.003
concern,0.003
interstellar,0.003
intergalactic,0.003
relativitynothing,0.003
limerick,0.003
wight,0.003
travelled,0.003
departed,0.003
olympic,0.003
games,0.003
congressopened,0.003
fermilab,0.003
feed,0.003
rule,0.003
doing,0.003
reachthe,0.003
invention,0.003
respectable,0.003
rosen,0.003
pinched,0.003
distribute,0.003
superseded,0.003
liberal,0.003
hastwo,0.003
mirrors,0.003
organ,0.003
resonate,0.003
notes,0.003
width,0.003
resonant,0.003
pushing,0.003
unwise,0.003
radically,0.003
visitor,0.003
spill,0.003
beans,0.003
sightings,0.003
ufos,0.003
visited,0.003
wereto,0.003
unpleasant,0.003
reliable,0.003
witnesses,0.003
warn,0.003
danger,0.003
warping,0.003
captain,0.003
kirk,0.003
starship,0.003
enterprise,0.003
overrun,0.003
tourists,0.003
child,0.003
resolutions,0.003
posed,0.003
committed,0.003
organism,0.003
freewill,0.003
traveler,0.003
constraint,0.003
spielberg,0.003
films,0.003
marty,0.003
mcfly,0.003
parents,0.003
courtship,0.003
expressing,0.003
comprises,0.003
anticlockwise,0.003
clockwise,0.003
intuitive,0.003
escaping,0.003
nazis,0.003
conspire,0.003
truethe,0.003
operates,0.003
opponent,0.003
unfair,0.003
futurea,0.003
happenings,0.003
approximating,0.003
facts,0.003
unsuccessfully,0.003
searching,0.003
ripe,0.003
beware,0.003
overconfidencewe,0.003
dawns,0.003
elasticity,0.003
conduction,0.003
emphatic,0.003
winner,0.003
gttingen,0.003
beover,0.003
knocked,0.003
cautious,0.003
optimism,0.003
curve,0.003
seemingly,0.003
involves,0.003
canceling,0.003
extraordinary,0.003
doeshave,0.003
drawback,0.003
actual,0.003
strengths,0.003
attempting,0.003
adjusting,0.003
superparticle,0.003
uncanceled,0.003
undertake,0.003
reckoned,0.003
aremarkable,0.003
worldline,0.003
strip,0.003
cylinder,0.003
slice,0.003
legs,0.003
trousers,0.003
vibrating,0.003
kite,0.003
dividing,0.003
hshaped,0.003
plumbing,0.003
horizontal,0.003
crossbar,0.003
themfigure,0.003
spiders,0.003
thirtynine,0.003
asthose,0.003
attention,0.003
tragic,0.003
suffered,0.003
diabetes,0.003
coma,0.003
injection,0.003
insulin,0.003
mike,0.003
queen,0.003
mary,0.003
builtin,0.003
lefthandedness,0.003
observestring,0.003
twentysix,0.003
commonplace,0.003
ideal,0.003
overcoming,0.003
torus,0.003
upinto,0.003
thickness,0.003
spells,0.003
flatten,0.003
animals,0.003
climb,0.003
digest,0.003
passage,0.003
circulation,0.003
blood,0.003
circularorbit,0.003
spiraling,0.003
freeze,0.003
altogether,0.003
universeand,0.003
picked,0.003
bogged,0.003
discovering,0.003
volumes,0.003
democracy,0.003
pbrane,0.003
searched,0.003
axioms,0.003
mapsyou,0.003
overlap,0.003
provides,0.003
expressed,0.003
asingle,0.003
postulates,0.003
chasing,0.003
mirage,0.003
smart,0.003
infringe,0.003
fallacy,0.003
imagining,0.003
likes,0.003
ascribe,0.003
effectively,0.003
redefining,0.003
occasions,0.003
sensitivity,0.003
notbe,0.003
claiming,0.003
layers,0.003
nineteen,0.003
foreseeable,0.003
presuming,0.003
glorious,0.003
struggle,0.003
educated,0.003
pace,0.003
understandthem,0.003
specialist,0.003
proportion,0.003
advancing,0.003
frontier,0.003
devote,0.003
specialize,0.003
advances,0.003
excitement,0.003
generating,0.003
tens,0.003
graduates,0.003
taught,0.003
powers,0.003
restrictive,0.003
complexity,0.003
subjects,0.003
intellectually,0.003
challenging,0.003
developing,0.003
existencew,0.003
bewildering,0.003
supporting,0.003
superstrings,0.003
superstring,0.003
fails,0.003
disappeared,0.003
bermuda,0.003
triangle,0.003
emotions,0.003
humanlike,0.003
inhabited,0.003
rivers,0.003
mountains,0.003
placated,0.003
ensure,0.003
fertility,0.003
soil,0.003
seasons,0.003
rose,0.003
east,0.003
sacrifice,0.003
strict,0.003
exceptions,0.003
discounts,0.003
stopping,0.003
joshuaat,0.003
nineteenthcentury,0.003
interpret,0.003
preconceived,0.003
mismatch,0.003
redefined,0.003
shapes,0.003
incompatible,0.003
quiterecently,0.003
localized,0.003
uniformity,0.003
smallerscale,0.003
homogeneity,0.003
selfconsistent,0.003
breathes,0.003
whythere,0.003
bother,0.003
specialists,0.003
scope,0.003
inquiries,0.003
wittgenstein,0.003
sole,0.003
analysis,0.003
language,0.003
comedown,0.003
understandable,0.003
broad,0.003
discussion,0.003
triumph,0.003
reasonfor,0.003
gode,0.003
connection,0.003
signed,0.003
roosevelt,0.003
postwar,0.003
political,0.003
activity,0.003
sickened,0.003
waste,0.003
antiwar,0.003
demonstrations,0.003
advocacy,0.003
civil,0.003
disobedience,0.003
refuse,0.003
conscription,0.003
endear,0.003
improving,0.003
popular,0.003
descent,0.003
rejected,0.003
biblical,0.003
awareness,0.003
antisemitism,0.003
identify,0.003
community,0.003
outspoken,0.003
unpopularity,0.003
speaking,0.003
attack,0.003
antieinstein,0.003
organization,0.003
convicted,0.003
inciting,0.003
murder,0.003
fined,0.003
dollars,0.003
phlegmatic,0.003
entitled,0.003
retorted,0.003
hitler,0.003
america,0.003
germany,0.003
militia,0.003
raided,0.003
confiscated,0.003
newspaper,0.003
displayed,0.003
headline,0.003
einsteinhes,0.003
theface,0.003
threat,0.003
renounced,0.003
pacifism,0.003
fearing,0.003
detonated,0.003
warning,0.003
dangers,0.003
proposing,0.003
control,0.003
weaponry,0.003
peace,0.003
achieved,0.003
lastand,0.003
vocal,0.003
zionist,0.003
duly,0.003
offered,0.003
presidency,0.003
declined,0.003
naive,0.003
quote,0.003
eternityg,0.003
alileo,0.003
renowned,0.003
latin,0.003
universities,0.003
annoyed,0.003
professors,0.003
seeking,0.003
rome,0.003
speak,0.003
ecclesiastical,0.003
authorities,0.003
conflicted,0.003
allegorical,0.003
scandal,0.003
undermine,0.003
fight,0.003
protestantism,0.003
repressive,0.003
erroneous,0.003
defend,0.003
longtime,0.003
revoked,0.003
failed,0.003
discussing,0.003
unimagined,0.003
restrictions,0.003
omnipotence,0.003
dialogue,0.003
concerning,0.003
chief,0.003
completed,0.003
backing,0.003
literary,0.003
andphilosophical,0.003
masterpiece,0.003
realizing,0.003
convincing,0.003
regretted,0.003
official,0.003
blessing,0.003
contravened,0.003
inquisition,0.003
sentenced,0.003
renounce,0.003
faithful,0.003
independence,0.003
crushed,0.003
manuscript,0.003
smuggled,0.003
holland,0.003
referred,0.003
physicsi,0.003
saac,0.003
pleasant,0.003
academics,0.003
notorious,0.003
embroiled,0.003
surely,0.003
influential,0.003
physicsnewton,0.003
risen,0.003
knighted,0.003
clashed,0.003
muchneeded,0.003
withholding,0.003
arranged,0.003
mortal,0.003
enemy,0.003
edmond,0.003
halley,0.003
preventing,0.003
stolen,0.003
incensed,0.003
revenge,0.003
systematically,0.003
deleting,0.003
references,0.003
arose,0.003
gottfried,0.003
branch,0.003
ensued,0.003
vigorously,0.003
defending,0.003
contenders,0.003
articles,0.003
defense,0.003
appealing,0.003
impartial,0.003
coincidentally,0.003
committees,0.003
andhad,0.003
publish,0.003
accusing,0.003
plagiarism,0.003
unsatisfied,0.003
anonymous,0.003
review,0.003
societys,0.003
periodical,0.003
reported,0.003
satisfaction,0.003
leibnizs,0.003
heart,0.003
academe,0.003
active,0.003
anticatholic,0.003
parliament,0.003
rewarded,0.003
lucrative,0.003
post,0.003
warden,0.003
mint,0.003
talents,0.003
deviousness,0.003
vitriol,0.003
socially,0.003
acceptable,0.003
conducting,0.003
campaign,0.003
counterfeiting,0.003
gallowsglossary,0.003
substances,0.003
vacuum,0.003
reduction,0.003
timecosmological,0.003
correspondence,0.003
linking,0.003
repel,0.003
subdivided,0.003
timefrequency,0.003
cycles,0.003
inertia,0.003
neutrino,0.003
affectedonly,0.003
uncharged,0.003
accelerator,0.003
electromagnets,0.003
discrete,0.003
orabsorbed,0.003
chromodynamics,0.003
pulsed,0.003
reddening,0.003
circumstancesin,0.003
spacelikethat,0.003
spinstationary,0.003
exerted,0.003
connecting,0.003
link,0.003
travelacknowledgments,0.003
exception,0.003
inspiring,0.003
principal,0.003
associates,0.003
collaborators,0.003
geroch,0.003
ellis,0.003
gary,0.003
gibbons,0.003
brian,0.003
whitt,0.003
editor,0.003
peter,0.003
guzzardi,0.003
innumerable,0.003
comments,0.003
improved,0.003
considerably,0.003
revise,0.003
text,0.003
software,0.003
equalizer,0.003
walt,0.003
waltosz,0.003
lancaster,0.003
sunnyvale,0.003
laptop,0.003
wheelchair,0.003
mason,0.003
adaptive,0.003
communicate,0.003
secretaries,0.003
revised,0.003
secretarial,0.003
grateful,0.003
laura,0.003
gentry,0.003
cheryl,0.003
billington,0.003
masey,0.003
colin,0.003
williams,0.003
phillips,0.003
stuart,0.003
jamieson,0.003
brenchley,0.003
gill,0.003
rogers,0.003
kendall,0.003
nurses,0.003
enabled,0.003
pursue,0.003
hawkingabout,0.003
recipient,0.003
awards,0.003
honors,0.003
presidential,0.003
reader,0.003
essay,0.003
