                  epoch,         train/box_loss,         train/seg_loss,         train/cls_loss,         train/dfl_loss,   metrics/precision(B),      metrics/recall(B),       metrics/mAP50(B),    metrics/mAP50-95(B),   metrics/precision(M),      metrics/recall(M),       metrics/mAP50(M),    metrics/mAP50-95(M),           val/box_loss,           val/seg_loss,           val/cls_loss,           val/dfl_loss,                 lr/pg0,                 lr/pg1,                 lr/pg2
                      1,                0.79625,                 1.6822,                0.67107,                 1.1036,                0.71782,                0.60976,                 0.6471,                 0.3721,                 0.7739,                 0.5844,                 0.6076,                0.26605,                 1.4904,                 3.1051,                 1.3476,                 1.6808,                0.00024,                0.00024,                0.00024
                      2,                0.78379,                 1.6978,                 0.6334,                 1.0931,                0.80026,                0.70732,                0.73728,                0.47688,                0.84149,                0.63415,                0.71543,                0.37286,                 1.2623,                 2.6937,                 1.1013,                 1.4882,             0.00049802,             0.00049802,             0.00049802
                      3,                0.80177,                  1.721,                0.65555,                 1.0843,                0.68707,                0.80488,                0.74937,                 0.4845,                0.82326,                0.73171,                0.76756,                0.38689,                 1.1759,                  2.604,                 1.0663,                 1.4546,             0.00075398,             0.00075398,             0.00075398
                      4,                0.81157,                 1.7189,                 0.6493,                 1.1083,                0.75426,                0.68293,                0.69463,                0.41397,                0.75426,                0.68293,                0.69034,                0.33773,                  1.332,                 2.5852,                 1.2855,                 1.5722,              0.0010079,              0.0010079,              0.0010079
                      5,                0.78904,                 1.6974,                0.65321,                 1.0922,                0.74266,                0.63351,                0.69801,                0.39582,                0.59282,                0.65854,                0.63781,                0.30348,                 1.4014,                 2.7438,                  1.201,                 1.5393,              0.0012597,              0.0012597,              0.0012597
                      6,                0.80844,                 1.7221,                0.66347,                 1.0827,                0.78424,                0.68293,                0.75238,                0.48558,                0.74636,                0.63415,                0.70345,                0.34014,                  1.347,                 3.0877,                 1.2023,                 1.5092,              0.0015095,              0.0015095,              0.0015095
                      7,                0.84459,                 1.8062,                 0.6788,                 1.1134,                0.74278,                0.73171,                0.73578,                0.46695,                0.62121,                0.60976,                0.60015,                 0.2629,                 1.3061,                 3.3093,                 1.2004,                 1.5313,              0.0017572,              0.0017572,              0.0017572
                      8,                0.81779,                 1.8395,                0.66956,                 1.0881,                0.80209,                0.82927,                0.78428,                0.50455,                0.81411,                0.74789,                0.74075,                0.36881,                  1.262,                 2.9914,                 1.1405,                 1.4526,              0.0019446,              0.0019446,              0.0019446
                      9,                0.84759,                 1.9195,                0.69677,                 1.1032,                0.74686,                0.73171,                0.74942,                0.42483,                0.71895,                0.70732,                0.70128,                0.35276,                 1.3301,                 3.0551,                 1.2341,                 1.5172,              0.0019446,              0.0019446,              0.0019446
                     10,                0.84172,                 1.8423,                 0.6935,                 1.0953,                0.81386,                0.60976,                0.68859,                 0.4387,                0.64023,                0.60769,                0.60203,                0.34757,                 1.2848,                 2.9895,                 1.3135,                 1.5646,              0.0019366,              0.0019366,              0.0019366
                     11,                0.85577,                  1.835,                0.70764,                 1.1234,                0.80132,                0.65854,                0.73083,                0.40334,                0.82147,                0.63415,                0.70352,                0.34237,                 1.3873,                 2.7166,                  1.516,                 1.6503,              0.0019287,              0.0019287,              0.0019287
                     12,                0.85434,                  1.809,                 0.7062,                 1.1193,                0.90694,                0.53659,                0.69166,                0.45268,                 0.8641,                 0.5122,                0.64529,                0.33252,                 1.3646,                  2.733,                 1.2086,                 1.6544,              0.0019208,              0.0019208,              0.0019208
                     13,                0.82778,                 1.8298,                0.68372,                  1.115,                0.82624,                0.73171,                 0.7627,                0.45362,                0.76947,                0.68293,                0.73604,                0.37181,                 1.3302,                 2.9206,                 1.1878,                 1.5685,              0.0019129,              0.0019129,              0.0019129
                     14,                0.86209,                 1.8438,                0.67952,                 1.1157,                0.75203,                0.70732,                0.73709,                0.44708,                0.77918,                0.63415,                0.69588,                0.33587,                 1.3827,                 2.9617,                 1.2632,                 1.5756,               0.001905,               0.001905,               0.001905
                     15,                0.84253,                 1.7838,                0.65967,                 1.1097,                0.83969,                 0.7561,                0.76845,                0.43264,                0.78352,                0.70732,                0.70846,                0.36578,                 1.4167,                 2.8086,                 1.1948,                 1.6139,               0.001897,               0.001897,               0.001897
                     16,                 0.8432,                  1.785,                0.69347,                 1.1106,                0.73194,                0.66612,                0.70992,                0.46684,                0.73194,                0.66612,                0.71995,                0.36831,                 1.2897,                 2.6535,                 1.1627,                 1.5168,              0.0018891,              0.0018891,              0.0018891
                     17,                0.82694,                  1.721,                 0.6713,                 1.1116,                 0.8148,                0.60976,                0.71228,                0.46447,                0.65811,                0.68293,                0.66233,                0.32214,                 1.4095,                 2.9684,                 1.1627,                 1.5984,              0.0018812,              0.0018812,              0.0018812
                     18,                0.79169,                 1.7095,                0.66141,                 1.0866,                0.77908,                0.77423,                0.77345,                0.44313,                0.73014,                0.72601,                0.72208,                0.35632,                 1.4002,                 2.8758,                 1.1004,                 1.6035,              0.0018733,              0.0018733,              0.0018733
                     19,                0.79894,                 1.7042,                0.64815,                 1.0853,                0.65966,                0.68293,                0.65793,                0.41149,                0.65635,                0.68293,                0.66758,                0.32719,                 1.3311,                 2.9672,                 1.3007,                 1.5998,              0.0018654,              0.0018654,              0.0018654
                     20,                0.83029,                 1.7157,                0.65387,                 1.0966,                0.66424,                0.77213,                0.70809,                0.40283,                0.64508,                0.75367,                0.66276,                0.34487,                 1.4011,                 3.0178,                 1.4088,                 1.5985,              0.0018574,              0.0018574,              0.0018574
                     21,                0.81003,                 1.6816,                0.63792,                 1.0764,                0.77479,                0.73171,                0.76456,                0.49629,                0.74753,                0.70732,                0.72664,                0.43299,                 1.2094,                 2.6613,                 1.1024,                 1.4461,              0.0018495,              0.0018495,              0.0018495
                     22,                0.78787,                 1.6261,                0.62477,                 1.0819,                0.82789,                0.63415,                0.72732,                0.48726,                0.80926,                0.56098,                0.64856,                0.39078,                  1.289,                 3.0563,                 1.0853,                  1.576,              0.0018416,              0.0018416,              0.0018416
                     23,                0.85727,                 1.7991,                0.67158,                 1.1076,                0.57501,                0.69311,                0.60478,                0.33459,                0.53316,                0.61287,                0.53513,                0.24442,                 1.5853,                 3.4041,                 1.4077,                 1.7802,              0.0018337,              0.0018337,              0.0018337
                     24,                0.85112,                 1.7952,                0.68839,                 1.1001,                0.78309,                0.70451,                0.73514,                0.47762,                0.92301,                0.58482,                0.69837,                0.38113,                  1.372,                  3.076,                 1.1755,                 1.5754,              0.0018258,              0.0018258,              0.0018258
                     25,                0.81159,                 1.7534,                0.64901,                 1.0849,                 0.7509,                0.66177,                0.68147,                 0.3928,                0.66786,                 0.5886,                0.61687,                0.33845,                 1.4277,                 2.6043,                 1.2708,                 1.6392,              0.0018178,              0.0018178,              0.0018178
                     26,                0.82441,                 1.6815,                0.64818,                  1.101,                0.74063,                0.70732,                0.70844,                0.40597,                0.74063,                0.70732,                0.70046,                0.35791,                 1.3275,                 2.5595,                 1.2591,                 1.4997,              0.0018099,              0.0018099,              0.0018099
                     27,                0.81897,                 1.7418,                0.63358,                 1.0885,                0.71828,                0.68409,                0.74258,                0.48463,                0.66872,                0.64014,                0.67845,                0.37568,                 1.3292,                 2.6503,                 1.1083,                 1.5071,               0.001802,               0.001802,               0.001802
                     28,                0.81249,                  1.708,                0.63298,                 1.0692,                0.74243,                0.70312,                0.70416,                0.39974,                0.74243,                0.70312,                0.69073,                 0.3351,                 1.3483,                 2.8723,                 1.3452,                 1.5912,              0.0017941,              0.0017941,              0.0017941
                     29,                0.82703,                 1.7577,                0.63772,                 1.0807,                0.81341,                0.78049,                0.76338,                0.47103,                0.81341,                0.78049,                0.74826,                0.40521,                 1.2069,                 2.7301,                 1.1538,                 1.4983,              0.0017862,              0.0017862,              0.0017862
                     30,                0.79877,                 1.6681,                0.62086,                 1.0757,                0.81383,                 0.7561,                0.79041,                0.46939,                0.81832,                0.70732,                0.75326,                0.39501,                 1.3993,                 3.0665,                  1.045,                 1.5735,              0.0017782,              0.0017782,              0.0017782
                     31,                0.81039,                 1.7449,                0.63791,                 1.0804,                0.64097,                 0.7561,                0.65956,                0.35229,                0.73061,                0.58537,                0.65879,                0.29956,                 1.4536,                  3.334,                 1.2854,                 1.6128,              0.0017703,              0.0017703,              0.0017703
                     32,                0.77248,                 1.6169,                0.60248,                 1.0601,                0.77595,                0.68293,                0.73988,                0.41278,                0.72901,                0.65854,                 0.7136,                 0.3514,                  1.376,                 3.1118,                 1.1691,                 1.6007,              0.0017624,              0.0017624,              0.0017624
                     33,                0.77917,                 1.6193,                0.59453,                 1.0691,                0.89545,                0.63415,                0.69005,                0.43329,                0.88413,                0.60976,                0.68616,                0.36468,                 1.4037,                  2.824,                 1.2414,                 1.5966,              0.0017545,              0.0017545,              0.0017545
                     34,                0.80021,                 1.6664,                0.61076,                 1.0694,                0.75475,                0.67567,                0.70952,                0.44411,                0.75475,                0.67567,                0.71157,                0.37674,                 1.2918,                 2.9906,                 1.2187,                 1.5527,              0.0017466,              0.0017466,              0.0017466
                     35,                0.79253,                 1.7009,                0.60831,                 1.0547,                0.87228,                0.66647,                0.72647,                0.44583,                0.84053,                0.64297,                0.68773,                0.36532,                 1.2125,                 2.9118,                 1.1009,                 1.5198,              0.0017386,              0.0017386,              0.0017386
                     36,                0.75035,                 1.5656,                0.57901,                 1.0584,                0.87377,                 0.6755,                0.72032,                0.47638,                0.87377,                 0.6755,                0.73144,                0.38065,                  1.322,                 2.7628,                 1.0653,                 1.6025,              0.0017307,              0.0017307,              0.0017307
                     37,                0.74962,                 1.6403,                0.60007,                 1.0626,                0.72467,                0.68293,                  0.688,                0.46343,                0.69879,                0.65854,                 0.6378,                0.31152,                 1.3337,                   2.95,                 1.1069,                 1.5435,              0.0017228,              0.0017228,              0.0017228
                     38,                0.74485,                 1.5612,                0.57685,                 1.0534,                0.77411,                0.68293,                0.69832,                0.45181,                0.74647,                0.65854,                0.66028,                0.33786,                 1.2922,                 2.7987,                 1.1614,                 1.4423,              0.0017149,              0.0017149,              0.0017149
                     39,                0.77983,                 1.6216,                0.60712,                 1.0639,                0.85319,                0.63415,                0.68682,                0.42362,                0.82037,                0.60976,                0.66072,                0.35244,                 1.3674,                 2.8196,                 1.2665,                 1.6093,               0.001707,               0.001707,               0.001707
                     40,                0.78442,                 1.5732,                0.60508,                 1.0689,                0.78749,                0.73171,                0.77679,                0.50155,                0.76124,                0.70732,                0.73476,                0.43475,                 1.1843,                 2.7331,                  1.013,                 1.5224,               0.001699,               0.001699,               0.001699
                     41,                0.75154,                 1.5578,                0.58765,                 1.0554,                0.79263,                 0.6527,                0.70325,                0.48483,                0.82218,                0.67677,                0.72014,                0.36912,                 1.1461,                  2.823,                 1.0613,                 1.4326,              0.0016911,              0.0016911,              0.0016911
                     42,                0.75296,                 1.5475,                0.57699,                  1.045,                0.90342,                0.70732,                0.77623,                0.49679,                0.90342,                0.70732,                0.76094,                0.38164,                 1.2907,                 2.8844,                 1.0388,                 1.5751,              0.0016832,              0.0016832,              0.0016832
                     43,                0.73952,                 1.5566,                0.56086,                  1.042,                0.72116,                0.69404,                0.72517,                0.47157,                0.74997,                0.73159,                0.73979,                0.36207,                 1.2401,                 2.7895,                 1.1382,                 1.5137,              0.0016753,              0.0016753,              0.0016753
                     44,                0.76756,                 1.6141,                0.58342,                 1.0522,                0.81867,                0.63415,                0.70497,                0.45944,                0.82238,                0.60976,                0.68053,                0.34763,                 1.2967,                 2.9305,                  1.225,                 1.5668,              0.0016674,              0.0016674,              0.0016674
                     45,                0.72074,                 1.5099,                0.55472,                 1.0359,                0.78161,                0.61109,                0.68947,                0.45761,                0.67484,                0.65854,                0.67444,                0.35971,                 1.3408,                 2.9413,                 1.3535,                 1.6462,              0.0016594,              0.0016594,              0.0016594
                     46,                0.74172,                 1.5858,                0.57534,                 1.0466,                0.76391,                0.70732,                0.73193,                0.49829,                0.76391,                0.70732,                0.72646,                 0.4212,                 1.2227,                 2.5963,                 1.1481,                 1.5542,              0.0016515,              0.0016515,              0.0016515
                     47,                0.76822,                 1.5764,                 0.6028,                 1.0513,                0.83788,                0.56098,                 0.7036,                 0.4391,                0.87408,                0.56098,                0.69262,                0.36476,                 1.3251,                 2.9653,                 1.2334,                 1.5957,              0.0016436,              0.0016436,              0.0016436
                     48,                  0.742,                 1.5012,                0.56439,                 1.0415,                0.70275,                0.69211,                0.70714,                0.42886,                0.65395,                0.64544,                0.65258,                 0.3602,                 1.4029,                 3.2157,                 1.2167,                 1.6431,              0.0016357,              0.0016357,              0.0016357
                     49,                0.76121,                 1.6396,                0.57855,                  1.045,                0.72186,                0.69645,                0.72673,                 0.4745,                0.73464,                0.63415,                 0.7127,                0.37551,                 1.2616,                 3.0376,                 1.1694,                 1.5184,              0.0016278,              0.0016278,              0.0016278
                     50,                0.75277,                  1.536,                0.57169,                 1.0413,                  0.739,                0.78049,                0.75753,                 0.5133,                0.71574,                 0.7561,                0.74272,                0.37899,                 1.1826,                 2.7867,                  1.115,                 1.4695,              0.0016198,              0.0016198,              0.0016198
                     51,                0.77719,                 1.5649,                0.59286,                 1.0603,                0.76773,                 0.7561,                0.74419,                0.46909,                0.77506,                0.58836,                0.63422,                0.35818,                 1.3094,                 2.8013,                 1.0912,                 1.5538,              0.0016119,              0.0016119,              0.0016119
                     52,                0.74859,                 1.6281,                0.59252,                 1.0454,                0.86589,                0.63005,                0.72598,                0.47202,                0.86589,                0.63005,                0.71077,                0.35336,                 1.3462,                 2.8594,                 1.1964,                 1.6551,               0.001604,               0.001604,               0.001604
                     53,                0.75649,                 1.5737,                0.58013,                 1.0352,                0.78919,                0.73171,                0.74449,                0.50228,                0.75826,                0.70732,                0.70276,                0.37868,                 1.2628,                 2.9111,                 1.1826,                 1.5861,              0.0015961,              0.0015961,              0.0015961
                     54,                0.75134,                 1.5832,                 0.5756,                 1.0473,                0.82314,                0.73171,                0.77366,                0.52814,                0.79395,                0.70732,                0.71364,                 0.4206,                 1.1441,                 2.8165,                   1.09,                 1.4201,              0.0015882,              0.0015882,              0.0015882
                     55,                0.72734,                 1.4877,                0.54314,                 1.0338,                0.77922,                0.73171,                0.73311,                0.50249,                0.77922,                0.73171,                 0.7479,                0.36991,                 1.2668,                 2.9912,                 1.1198,                 1.4926,              0.0015802,              0.0015802,              0.0015802
                     56,                  0.726,                 1.4625,                0.55643,                  1.025,                0.68736,                 0.7561,                0.71049,                0.50557,                0.69876,                 0.7561,                0.71773,                0.38444,                 1.1195,                 2.9621,                   1.03,                 1.4459,              0.0015723,              0.0015723,              0.0015723
                     57,                0.77269,                 1.5478,                0.57513,                 1.0421,                0.84839,                0.65854,                0.73491,                0.51563,                0.67206,                0.82927,                0.74406,                0.40975,                 1.1212,                 2.9551,                 1.0275,                 1.4645,              0.0015644,              0.0015644,              0.0015644
                     58,                0.74825,                 1.5152,                0.54913,                 1.0425,                0.83402,                0.73544,                0.77247,                0.52357,                0.83402,                0.73544,                0.76169,                0.39454,                 1.0911,                 3.0608,                0.92885,                 1.4753,              0.0015565,              0.0015565,              0.0015565
                     59,                 0.7573,                 1.5779,                0.56934,                 1.0539,                0.85581,                0.72399,                 0.7726,                0.50641,                0.88465,                0.74838,                0.79182,                0.38997,                 1.1629,                 3.0362,                 1.0191,                 1.4655,              0.0015486,              0.0015486,              0.0015486
                     60,                0.72776,                 1.4736,                0.54255,                 1.0266,                 0.8328,                0.65854,                0.72983,                0.46632,                 0.7799,                0.63415,                0.70037,                0.35515,                 1.2573,                 3.1036,                 1.2507,                 1.5267,              0.0015406,              0.0015406,              0.0015406
                     61,                0.72998,                 1.4705,                0.55098,                 1.0379,                0.89319,                0.65854,                0.78473,                0.52535,                0.66045,                 0.7561,                 0.7364,                0.44104,                 1.1933,                 2.8686,                 1.0777,                 1.4668,              0.0015327,              0.0015327,              0.0015327
                     62,                0.70609,                 1.4424,                0.53395,                 1.0134,                0.80597,                0.73171,                 0.7228,                0.49341,                0.80597,                0.73171,                0.71976,                0.42117,                 1.1933,                 2.7999,                 1.0262,                 1.5071,              0.0015248,              0.0015248,              0.0015248
                     63,                 0.7602,                  1.545,                0.56774,                 1.0413,                0.85654,                0.65854,                0.73592,                0.46873,                0.84467,                0.65854,                0.72627,                 0.3721,                 1.2156,                 2.6374,                 1.0256,                 1.4543,              0.0015169,              0.0015169,              0.0015169
                     64,                0.72909,                 1.4751,                0.53828,                 1.0328,                0.73152,                0.65854,                0.69885,                0.43413,                0.62926,                0.78049,                0.69007,                0.36315,                 1.3139,                 2.8266,                 1.0865,                 1.5752,               0.001509,               0.001509,               0.001509
                     65,                0.69464,                    1.4,                0.54115,                 1.0198,                0.78603,                0.82927,                0.80758,                0.55943,                0.78603,                0.82927,                0.80565,                0.44885,                  1.127,                 2.7733,                0.87525,                 1.4808,               0.001501,               0.001501,               0.001501
                     66,                0.71935,                 1.5228,                0.53019,                 1.0262,                0.80346,                0.82927,                0.82331,                 0.5618,                0.80346,                0.82927,                0.81855,                0.46461,                 1.1773,                 2.6399,                0.85066,                 1.4129,              0.0014931,              0.0014931,              0.0014931
                     67,                0.71618,                 1.4874,                0.54469,                 1.0297,                0.84066,                0.77222,                0.79176,                0.55094,                0.77789,                0.70732,                0.73107,                0.42707,                 1.1432,                 2.6042,                0.88604,                 1.4223,              0.0014852,              0.0014852,              0.0014852
                     68,                 0.7126,                 1.5041,                0.53791,                 1.0307,                  0.823,                0.79401,                0.77785,                0.55161,                0.78609,                 0.7561,                0.74196,                0.45315,                 1.0902,                 2.2986,                0.94925,                 1.3691,              0.0014773,              0.0014773,              0.0014773
                     69,                0.70592,                 1.4736,                0.53958,                 1.0322,                0.84353,                0.78049,                0.80798,                0.55839,                0.76272,                0.70732,                0.70552,                0.43387,                 1.1319,                 2.6157,                0.94067,                 1.4176,              0.0014694,              0.0014694,              0.0014694
                     70,                0.73429,                  1.505,                0.52587,                 1.0372,                0.96282,                0.65854,                 0.7578,                0.52346,                0.74396,                0.63791,                0.68219,                0.34598,                 1.2083,                  2.817,                 1.0701,                 1.5209,              0.0014614,              0.0014614,              0.0014614
                     71,                0.73515,                 1.5033,                0.55166,                 1.0441,                0.90137,                0.66886,                0.75841,                0.51222,                0.90137,                0.66886,                0.76285,                0.42395,                 1.1435,                 2.5244,                 0.9908,                 1.4893,              0.0014535,              0.0014535,              0.0014535
                     72,                0.74176,                 1.4303,                0.55129,                 1.0571,                0.90239,                0.67658,                0.76601,                0.55802,                0.90239,                0.67658,                0.76018,                0.44358,                 1.0908,                 2.5419,                 0.9955,                  1.431,              0.0014456,              0.0014456,              0.0014456
                     73,                0.72422,                 1.5061,                0.54275,                  1.032,                0.82471,                0.63415,                0.69694,                0.44849,                0.79299,                0.60976,                0.60544,                0.35797,                 1.2808,                 3.0773,                 1.1899,                 1.5659,              0.0014377,              0.0014377,              0.0014377
                     74,                0.73831,                 1.5315,                 0.5575,                 1.0352,                0.85073,                0.69524,                 0.7766,                0.54029,                0.79215,                0.65084,                0.70252,                0.38922,                 1.1758,                 2.8243,                0.94274,                 1.4654,              0.0014298,              0.0014298,              0.0014298
                     75,                0.69362,                 1.4218,                0.52266,                 1.0117,                0.88024,                 0.7561,                0.80808,                0.54396,                0.93941,                0.68293,                0.80845,                0.43527,                 1.1521,                 2.7704,                0.88266,                 1.4641,              0.0014218,              0.0014218,              0.0014218
                     76,                0.70461,                 1.4563,                0.52066,                 1.0148,                0.94848,                0.73171,                0.80751,                0.54924,                0.95573,                0.68293,                0.77414,                0.44917,                 1.0982,                 2.7679,                 1.0715,                 1.4249,              0.0014139,              0.0014139,              0.0014139
                     77,                0.72445,                 1.4827,                0.53027,                 1.0307,                      1,                0.65807,                0.80973,                0.54859,                0.85831,                0.65854,                0.75836,                0.43247,                 1.1204,                 2.5498,                0.99742,                 1.4649,               0.001406,               0.001406,               0.001406
                     78,                0.69298,                 1.4318,                0.51531,                 1.0198,                0.82673,                0.73171,                0.79347,                0.52674,                0.83757,                0.75464,                0.78894,                0.43167,                 1.1408,                  2.634,                0.99142,                 1.4862,              0.0013981,              0.0013981,              0.0013981
                     79,                0.71573,                 1.4866,                0.52374,                 1.0191,                0.74168,                0.73171,                0.72401,                0.44052,                   0.69,                0.68293,                0.67327,                0.36211,                   1.35,                 2.9436,                 1.2107,                 1.6174,              0.0013902,              0.0013902,              0.0013902
                     80,                0.71867,                 1.4149,                0.52577,                 1.0338,                0.85451,                0.71641,                0.73795,                0.48297,                0.77783,                0.70732,                0.70944,                0.39924,                 1.2265,                 2.8554,                 1.1108,                 1.5445,              0.0013822,              0.0013822,              0.0013822
                     81,                0.71081,                 1.4881,                0.52412,                 1.0166,                0.86367,                0.73171,                0.76848,                0.49939,                0.83437,                0.70732,                0.71783,                 0.3922,                  1.162,                 2.8896,                 0.9606,                 1.5329,              0.0013743,              0.0013743,              0.0013743
                     82,                0.67971,                 1.4335,                0.51811,                 1.0263,                0.78671,                 0.7561,                0.78726,                0.53013,                0.82283,                0.73171,                0.77257,                0.43852,                 1.1131,                 2.7566,                0.97568,                 1.3854,              0.0013664,              0.0013664,              0.0013664
                     83,                0.71705,                  1.463,                0.53131,                 1.0158,                0.84155,                 0.7773,                0.77447,                0.52509,                0.84155,                 0.7773,                0.75757,                0.41435,                 1.0635,                 2.7103,                 1.0478,                 1.3368,              0.0013585,              0.0013585,              0.0013585
                     84,                0.69842,                 1.4509,                0.52641,                 1.0229,                0.80901,                0.73171,                0.76137,                0.53479,                 0.8806,                0.65854,                0.75262,                0.44285,                 1.1656,                 2.4877,                 0.9884,                 1.5072,              0.0013506,              0.0013506,              0.0013506
                     85,                0.72592,                 1.4335,                0.51978,                 1.0227,                0.79706,                 0.7561,                0.75338,                0.47967,                0.79706,                 0.7561,                0.74304,                0.40329,                 1.2892,                   2.75,                 1.0407,                 1.5558,              0.0013426,              0.0013426,              0.0013426
                     86,                0.69533,                 1.3818,                0.50331,                 1.0188,                0.93503,                0.68293,                0.77768,                0.53041,                0.90036,                0.65854,                0.74605,                0.46944,                 1.1577,                 2.7714,                 1.0548,                 1.4717,              0.0013347,              0.0013347,              0.0013347
                     87,                0.68386,                 1.3672,                0.50088,                 1.0072,                0.81699,                0.70732,                0.71166,                0.47022,                0.79619,                0.68293,                 0.6976,                0.40906,                  1.167,                  2.718,                 1.1724,                 1.4668,              0.0013268,              0.0013268,              0.0013268
                     88,                0.68813,                 1.4207,                0.51345,                 1.0149,                 0.8412,                0.73171,                0.77991,                 0.5348,                0.73717,                 0.7561,                0.71634,                0.44561,                 1.1405,                 2.5957,                0.98331,                 1.4621,              0.0013189,              0.0013189,              0.0013189
                     89,                 0.6927,                 1.3903,                0.51443,                 1.0091,                0.81601,                0.78049,                0.78755,                 0.5416,                0.79051,                 0.7561,                0.73517,                0.47683,                 1.1361,                 2.5139,                0.87357,                 1.4752,               0.001311,               0.001311,               0.001311
                     90,                 0.6581,                 1.3519,                0.50776,                  1.012,                0.87635,                0.70732,                0.79083,                0.52877,                0.87833,                0.63415,                0.72111,                0.42628,                 1.1771,                 2.6675,                0.93984,                 1.5149,               0.001303,               0.001303,               0.001303
                     91,                0.66984,                 1.3642,                0.49555,                 1.0147,                0.76577,                0.70732,                0.71478,                0.46541,                0.73818,                0.68293,                0.66335,                0.37685,                 1.1445,                 2.8901,                  1.095,                  1.541,              0.0012951,              0.0012951,              0.0012951
                     92,                 0.6883,                 1.3645,                0.51242,                 1.0172,                0.88993,                0.68293,                 0.7763,                0.52838,                0.87464,                0.68078,                0.77188,                0.42634,                 1.0309,                 2.5774,                0.92049,                 1.4157,              0.0012872,              0.0012872,              0.0012872
                     93,                0.68446,                 1.3533,                0.50995,                 1.0089,                 0.7727,                 0.7561,                0.74458,                0.47641,                0.73503,                0.70732,                0.69971,                0.36954,                 1.2062,                   2.72,                 1.1643,                 1.4521,              0.0012793,              0.0012793,              0.0012793
                     94,                0.69352,                 1.3884,                0.51472,                 1.0159,                0.77593,                0.73171,                0.76334,                0.49119,                0.81907,                0.66259,                0.72779,                0.44759,                 1.2909,                 2.6223,                 1.0236,                 1.5731,              0.0012714,              0.0012714,              0.0012714
                     95,                 0.6751,                 1.4015,                0.50126,                 1.0006,                 0.8832,                0.78049,                 0.7684,                0.51093,                0.82959,                0.73171,                0.72556,                0.45361,                 1.1647,                 2.6009,                0.93417,                 1.5505,              0.0012634,              0.0012634,              0.0012634
                     96,                0.69528,                 1.3709,                0.50195,                 1.0085,                0.81371,                0.73171,                0.75495,                0.48068,                0.75946,                0.68293,                0.70758,                0.44031,                 1.2511,                 2.5447,                 1.0785,                 1.5413,              0.0012555,              0.0012555,              0.0012555
                     97,                0.69717,                 1.3757,                0.50571,                 1.0164,                0.78284,                0.70348,                0.67222,                0.43222,                0.72893,                0.65593,                0.62656,                0.37509,                 1.2616,                 2.8457,                 1.1911,                 1.5849,              0.0012476,              0.0012476,              0.0012476
                     98,                0.69306,                 1.3498,                0.50032,                 1.0066,                0.77469,                0.65854,                0.70346,                0.48573,                  0.833,                0.60833,                0.67817,                0.40134,                 1.1324,                  2.852,                 1.1323,                 1.5012,              0.0012397,              0.0012397,              0.0012397
                     99,                0.67475,                 1.3338,                 0.4973,                0.99506,                0.84383,                0.70732,                0.75565,                0.52718,                0.80509,                0.68293,                 0.7123,                0.43336,                 1.1188,                 2.8365,                 1.0933,                 1.4374,              0.0012318,              0.0012318,              0.0012318
                    100,                0.69018,                 1.3403,                0.51274,                 1.0092,                0.88941,                 0.7561,                0.79902,                0.59591,                0.86072,                0.73171,                0.76074,                 0.4755,                0.99932,                 2.5153,                0.90416,                 1.3355,              0.0012238,              0.0012238,              0.0012238
                    101,                0.65376,                 1.3709,                0.49581,                0.99585,                 0.8372,                0.70732,                0.75401,                 0.5741,                0.80833,                0.68293,                 0.7246,                0.45986,                 1.0288,                 2.4061,                0.98343,                 1.3462,              0.0012159,              0.0012159,              0.0012159
                    102,                0.65497,                 1.3199,                0.47754,                0.99807,                0.85571,                0.72341,                0.78872,                  0.556,                0.82718,                0.70058,                0.74113,                0.45688,                 1.1486,                 2.7228,                0.92653,                 1.5176,               0.001208,               0.001208,               0.001208
                    103,                0.64872,                 1.3316,                0.48248,                 1.0083,                0.83823,                0.73171,                0.79107,                0.55155,                0.83823,                0.73171,                0.77237,                0.46474,                 1.1088,                 2.8857,                0.85561,                 1.4763,              0.0012001,              0.0012001,              0.0012001
                    104,                0.68867,                 1.4141,                0.50437,                 1.0107,                0.93104,                0.73171,                0.75341,                0.54719,                0.96208,                 0.7561,                0.79261,                0.45905,                 1.1141,                  2.906,                0.86991,                 1.5393,              0.0011922,              0.0011922,              0.0011922
                    105,                0.67173,                 1.3837,                 0.4951,                 1.0067,                0.71552,                0.80488,                0.75781,                0.52261,                0.72823,                0.71907,                0.70186,                0.40325,                 1.0864,                 2.8996,                0.97932,                 1.5731,              0.0011842,              0.0011842,              0.0011842
                    106,                0.65913,                 1.3301,                0.48421,                0.98605,                0.75479,                0.73171,                0.70013,                0.48706,                0.78149,                0.70732,                0.70044,                0.42949,                  1.104,                 2.9117,                 1.0244,                 1.5328,              0.0011763,              0.0011763,              0.0011763
                    107,                0.66939,                 1.3337,                0.48387,                0.99907,                0.73761,                0.82927,                0.75561,                0.52395,                0.69394,                0.78049,                 0.6963,                0.42401,                  1.062,                 3.0155,                0.93185,                 1.4557,              0.0011684,              0.0011684,              0.0011684
                    108,                 0.6494,                 1.3149,                0.47507,                0.98379,                0.80303,                0.80488,                0.78024,                0.52882,                0.77777,                0.78049,                0.73481,                0.44973,                 1.0945,                 2.7345,                 0.9245,                  1.473,              0.0011605,              0.0011605,              0.0011605
                    109,                0.64966,                 1.2632,                0.47204,                0.99741,                0.90501,                0.70732,                0.78438,                0.48485,                0.78011,                0.73171,                0.74214,                0.43107,                 1.2599,                 2.6788,                0.97651,                 1.5949,              0.0011526,              0.0011526,              0.0011526
                    110,                0.65279,                 1.3194,                0.47457,                0.99367,                0.70916,                0.78049,                0.71283,                0.44306,                0.69358,                0.68293,                 0.6144,                0.36664,                 1.2659,                 2.7332,                 1.1406,                 1.5194,              0.0011446,              0.0011446,              0.0011446
                    111,                0.66418,                 1.3526,                 0.4933,                 1.0043,                0.76565,                0.73171,                0.71631,                0.47038,                 0.7365,                0.70732,                0.68117,                0.37257,                 1.1331,                 2.8246,                 1.0929,                 1.4416,              0.0011367,              0.0011367,              0.0011367
                    112,                0.67845,                   1.35,                0.49295,                 1.0048,                0.81493,                 0.7519,                0.76143,                0.52776,                 0.7894,                0.73141,                 0.7195,                0.47398,                 1.1018,                 2.5362,                0.98409,                 1.4613,              0.0011288,              0.0011288,              0.0011288
                    113,                0.66422,                 1.3353,                0.48321,                0.99112,                0.81404,                0.74754,                0.76164,                0.53966,                0.78752,                0.72333,                 0.7311,                0.47816,                 1.0565,                 2.5118,                0.96834,                 1.4215,              0.0011209,              0.0011209,              0.0011209
                    114,                0.66581,                 1.3124,                0.48079,                0.99557,                 0.8587,                0.74129,                0.77802,                0.52393,                 0.8587,                0.74129,                0.76343,                0.46358,                 1.1214,                 2.7879,                 1.0418,                 1.5029,               0.001113,               0.001113,               0.001113
                    115,                0.67437,                 1.3294,                0.49138,                0.99803,                0.88128,                 0.7244,                0.76614,                0.50783,                0.88128,                 0.7244,                0.75805,                0.44294,                 1.1715,                 2.6981,                0.94639,                 1.5726,               0.001105,               0.001105,               0.001105
                    116,                0.64753,                 1.2805,                0.47592,                0.99108,                0.83497,                0.78049,                0.76577,                0.49403,                0.83497,                0.78049,                0.75597,                0.42901,                 1.1101,                 2.5922,                0.94654,                 1.5087,              0.0010971,              0.0010971,              0.0010971
                    117,                0.65044,                 1.3187,                0.47725,                 1.0002,                0.84657,                 0.7561,                0.77014,                0.50752,                0.84657,                 0.7561,                0.75902,                0.44549,                 1.1066,                 2.5583,                0.92647,                 1.4639,              0.0010892,              0.0010892,              0.0010892
                    118,                0.64667,                 1.3046,                0.46812,                0.98755,                0.84943,                0.68811,                0.77475,                0.51833,                0.81951,                0.66458,                0.73675,                0.42823,                 1.1833,                 2.6033,                0.94907,                 1.5337,              0.0010813,              0.0010813,              0.0010813
                    119,                0.62606,                 1.2689,                0.46303,                0.98011,                0.82533,                0.73171,                0.75622,                0.50042,                0.82533,                0.73171,                0.74928,                0.41928,                 1.1242,                 2.7875,                0.97831,                 1.5177,              0.0010734,              0.0010734,              0.0010734
                    120,                  0.649,                 1.3173,                0.47617,                0.98839,                 0.6818,                0.68293,                0.64581,                0.40772,                0.68388,                 0.6332,                0.62554,                0.33892,                  1.305,                 2.9256,                 1.3519,                 1.5715,              0.0010654,              0.0010654,              0.0010654
                    121,                0.63369,                 1.2587,                0.46094,                0.97503,                0.72477,                 0.7561,                0.74072,                0.47176,                0.81791,                0.60976,                0.68576,                0.41582,                 1.2571,                 2.5095,                 1.2132,                  1.509,              0.0010575,              0.0010575,              0.0010575
                    122,                0.61845,                 1.2996,                 0.4677,                0.99087,                0.76707,                0.80488,                0.73768,                0.47331,                0.74382,                0.78049,                 0.7235,                 0.4347,                 1.1538,                  2.366,                 1.0677,                 1.4624,              0.0010496,              0.0010496,              0.0010496
                    123,                0.66121,                 1.3072,                0.47724,                0.99915,                0.76289,                 0.7561,                0.72937,                0.48267,                0.73665,                0.73171,                0.69756,                0.40662,                 1.1937,                 2.5722,                 1.0137,                 1.5525,              0.0010417,              0.0010417,              0.0010417
                    124,                0.67834,                 1.3909,                0.47871,                 0.9946,                0.78562,                0.80442,                0.76709,                 0.5191,                 0.8459,                0.70732,                0.75459,                0.45421,                  1.138,                 2.5799,                0.97051,                 1.5159,              0.0010338,              0.0010338,              0.0010338
                    125,                0.65063,                 1.3142,                0.46545,                0.99672,                0.86095,                0.73171,                0.73513,                0.51867,                0.81176,                0.73633,                0.71781,                 0.4286,                  1.196,                 2.5055,                 1.0379,                 1.5225,              0.0010258,              0.0010258,              0.0010258
                    126,                0.60161,                 1.2213,                0.43831,                0.96573,                0.92926,                0.64098,                0.73597,                0.48666,                0.81418,                0.64134,                0.70607,                0.41936,                 1.2076,                   2.81,                 1.2403,                 1.5215,              0.0010179,              0.0010179,              0.0010179
                    127,                0.64929,                 1.3311,                0.48122,                0.99403,                0.90142,                0.66928,                0.75495,                0.49796,                0.86703,                0.63622,                0.70441,                0.41607,                 1.1869,                 2.9858,                 1.1847,                 1.5358,                0.00101,                0.00101,                0.00101
                    128,                0.63609,                 1.2927,                0.46253,                0.98026,                0.83351,                0.68293,                0.73184,                0.47289,                0.73901,                0.60976,                0.64767,                0.40555,                 1.2978,                  2.961,                 1.1167,                 1.6638,              0.0010021,              0.0010021,              0.0010021
                    129,                0.64391,                 1.2838,                0.46342,                0.98976,                  0.852,                0.70217,                0.75703,                0.50858,                0.79141,                0.63415,                0.68947,                0.43671,                 1.2225,                 2.8078,                0.97073,                 1.6574,             0.00099416,             0.00099416,             0.00099416
                    130,                0.64396,                 1.2819,                0.46657,                0.99284,                0.75485,                0.75112,                0.71556,                0.49847,                0.74983,                0.73171,                0.75203,                0.45081,                 1.2083,                 2.6637,                0.95636,                 1.6472,             0.00098624,             0.00098624,             0.00098624
                    131,                0.62583,                 1.2567,                0.45856,                0.98216,                0.80437,                0.80233,                0.77073,                0.56039,                0.78005,                0.77854,                0.75652,                0.48268,                 1.0782,                 2.5751,                0.89022,                 1.4369,             0.00097832,             0.00097832,             0.00097832
                    132,                0.63002,                 1.2757,                0.44747,                0.96146,                0.88029,                0.73171,                 0.7747,                0.53956,                 0.8208,                0.68293,                0.73225,                0.47976,                 1.1443,                 2.4992,                 1.0673,                 1.4301,              0.0009704,              0.0009704,              0.0009704
                    133,                0.63054,                 1.2496,                0.46026,                0.97606,                0.77763,                0.78049,                0.77116,                0.53717,                0.75333,                 0.7561,                0.73156,                0.46029,                 1.1278,                 2.7791,                 1.0567,                 1.3938,             0.00096248,             0.00096248,             0.00096248
                    134,                0.64818,                  1.262,                0.47054,                0.98509,                 0.8028,                0.73171,                0.75005,                0.51337,                0.74928,                0.68293,                0.68286,                0.43256,                 1.1857,                 3.0643,                 1.0842,                 1.4739,             0.00095456,             0.00095456,             0.00095456
                    135,                0.63095,                 1.2938,                0.47072,                0.98988,                0.68026,                0.70732,                0.69784,                0.47013,                0.65637,                0.68293,                0.66034,                0.42223,                 1.2285,                 2.9403,                 1.2559,                 1.5004,             0.00094664,             0.00094664,             0.00094664
                    136,                0.64989,                 1.2777,                0.46328,                0.98559,                0.87819,                0.65854,                0.73809,                0.50744,                0.91135,                0.68293,                0.75105,                 0.4483,                 1.2232,                 2.6241,                 1.0072,                 1.5683,             0.00093872,             0.00093872,             0.00093872
                    137,                0.61262,                 1.2752,                0.45076,                0.98446,                0.90536,                0.70011,                0.77178,                0.53456,                 0.8739,                0.67626,                0.73027,                 0.4666,                 1.1207,                 2.4105,                0.95086,                 1.5011,              0.0009308,              0.0009308,              0.0009308
                    138,                  0.619,                 1.2231,                0.45029,                0.97627,                0.83737,                0.73171,                0.77903,                0.51978,                0.80791,                0.70732,                0.73361,                0.48418,                 1.1553,                 2.3796,                 1.0835,                 1.4797,             0.00092288,             0.00092288,             0.00092288
                    139,                0.64441,                 1.2787,                0.46437,                0.98914,                0.81195,                 0.7561,                0.77365,                0.48881,                0.78548,                0.73171,                0.73236,                0.46321,                 1.2204,                 2.4901,                0.99099,                 1.5925,             0.00091496,             0.00091496,             0.00091496
                    140,                0.63695,                 1.1993,                0.46632,                0.98895,                0.76684,                 0.7561,                0.68356,                0.41816,                0.72489,                0.70732,                0.65553,                0.38224,                 1.2775,                 2.4897,                 1.1401,                 1.6091,             0.00090704,             0.00090704,             0.00090704
                    141,                0.62809,                 1.2545,                0.47307,                 0.9818,                0.77848,                0.78049,                0.74611,                0.45712,                0.75415,                 0.7561,                0.72084,                0.40319,                  1.342,                 2.6724,                 1.1279,                 1.5993,             0.00089912,             0.00089912,             0.00089912
                    142,                0.63981,                  1.265,                0.46251,                 0.9749,                0.68065,                 0.7561,                0.73089,                0.46303,                0.66475,                0.73171,                0.70049,                0.40286,                 1.2394,                 2.6923,                 1.1064,                 1.5055,              0.0008912,              0.0008912,              0.0008912
                    143,                0.62531,                 1.2247,                0.44521,                0.97714,                0.78013,                0.68293,                0.75175,                0.47495,                0.69883,                0.65854,                0.68622,                0.40629,                 1.2374,                 2.8133,                 1.1144,                 1.5384,             0.00088328,             0.00088328,             0.00088328
                    144,                0.61846,                 1.2331,                0.44675,                0.97618,                0.74388,                0.77925,                0.75186,                0.47816,                0.71957,                 0.7561,                0.70242,                0.41767,                 1.2346,                  2.588,                 1.0122,                 1.5855,             0.00087536,             0.00087536,             0.00087536
                    145,                0.62189,                 1.2378,                0.44719,                0.99554,                0.78079,                0.78049,                0.74785,                0.47619,                0.75354,                 0.7561,                0.70781,                0.43644,                 1.2453,                 2.5464,                 1.0257,                 1.5956,             0.00086744,             0.00086744,             0.00086744
                    146,                0.60794,                 1.2134,                0.45111,                0.96584,                0.77103,                0.80488,                 0.7426,                0.48234,                0.74767,                0.78049,                0.69916,                0.41518,                 1.2068,                 2.6995,                0.98106,                 1.5456,             0.00085952,             0.00085952,             0.00085952
                    147,                  0.634,                 1.2922,                0.45352,                 0.9798,                0.84209,                 0.7804,                0.76454,                0.50818,                0.84209,                 0.7804,                0.73581,                0.43306,                 1.2044,                 2.8991,                 0.9671,                  1.556,              0.0008516,              0.0008516,              0.0008516
                    148,                0.63559,                 1.2681,                0.45494,                0.98572,                0.84229,                0.78049,                0.77578,                0.51614,                0.86199,                0.78049,                0.76181,                0.47418,                   1.21,                 2.6988,                0.98451,                 1.5457,             0.00084368,             0.00084368,             0.00084368
                    149,                0.61291,                 1.2557,                0.45281,                0.98665,                0.86097,                0.75526,                0.79656,                0.52636,                0.86016,                0.75023,                0.78004,                0.46902,                  1.154,                 2.6541,                0.98899,                 1.5019,             0.00083576,             0.00083576,             0.00083576
                    150,                 0.6081,                 1.2238,                0.43797,                0.97492,                0.91162,                 0.7548,                0.78495,                0.55344,                0.91162,                 0.7548,                0.79581,                0.48204,                 1.0994,                 2.5459,                 0.9557,                  1.457,             0.00082784,             0.00082784,             0.00082784
